<template schema="17">
<start-string context="0">
<![CDATA[#SD#
<html>
<head>
<title>
Players
-
Alphabetical
Index:
]]>
</start-string>
<start-string context="1">
<![CDATA[-
The
Official
Site
of
Major
League
Baseball
</title>
<meta>
</meta>
<meta>
</meta>
<link>
</link>
</head>
<body>
<table>
<tr>
<td>
<center>
<base>
</base>
<font>
<noscript>
<a>
<img>
</img>
</a>
</noscript>
</font>
<base>
</base>
</center>
</td>
</tr>
</table>
<map>
<area>
</area>
<area>
</area>
<area>
</area>
</map>
<table>
<tr>
<td>
<img>
</img>
</td>
</tr>
</table>
<table>
<tr>
<td>
<a>
<img>
</img>
</a>
</td>
</tr>
</table>
<table>
<tr>
<td>
<font>
&nbsp;
<a>
<font>
<b>
SCORES
</b>
</font>
</a>
&nbsp;&nbsp;&nbsp;
<a>
<font>
<b>
STATS
</b>
</font>
</a>
&nbsp;&nbsp;&nbsp;
<a>
<font>
<b>
SCHEDULES
</b>
</font>
</a>
&nbsp;&nbsp;&nbsp;
<a>
<font>
<b>
STANDINGS
</b>
</font>
</a>
&nbsp;&nbsp;&nbsp;
<a>
<font>
<b>
TRANSACTIONS
</b>
</font>
</a>
&nbsp;&nbsp;&nbsp;
<a>
<font>
<b>
PLAYERS
</b>
</font>
</a>
&nbsp;&nbsp;&nbsp;
<a>
<font>
<b>
INJURIES
</b>
</font>
</a>
</font>
</td>
</tr>
</table>
<table>
<tr>
<td>
<spacer>
</spacer>
</td>
<td>
<a>
<img>
</img>
</a>
</td>
<td>
<spacer>
</spacer>
</td>
<td>
<map>
<area>
</area>
</map>
<img>
</img>
</td>
</tr>
</table>
<table>
<tr>
<td>
<table>
<tr>
<td>
<spacer>
</spacer>
</td>
<td>
<table>
<tr>
<td>
<font>
<b>
LIVE
COVERAGE
</b>
</font>
</td>
</tr>
<tr>
<td>
<font>
<a>
<font>
<b>
Daily
Video
</b>
</font>
</a>
<br>
</br>
<a>
<font>
<b>
Live
Game
Audio
</b>
</font>
</a>
<br>
</br>
<a>
<font>
<b>
Baseball
Live
</b>
</font>
</a>
<br>
</br>
<a>
<font>
<b>
Wire
Photos
</b>
</font>
</a>
<br>
</br>
<a>
<font>
<b>
TV
&
Radio
</b>
</font>
</a>
<br>
</br>
</font>
</td>
</tr>
</table>
<form>
<font>
<select>
<option>
</option>
CLUBS
<option>
</option>
Anaheim
<option>
</option>
Arizona
<option>
</option>
Atlanta
<option>
</option>
Baltimore
<option>
</option>
Boston
<option>
</option>
Chi
Cubs
<option>
</option>
Chi
White
Sox
<option>
</option>
Cincinnati
<option>
</option>
Cleveland
<option>
</option>
Colorado
<option>
</option>
Detroit
<option>
</option>
Florida
<option>
</option>
Houston
<option>
</option>
Kansas
City
<option>
</option>
Los
Angeles
<option>
</option>
Milwaukee
<option>
</option>
Minnesota
<option>
</option>
Montreal
<option>
</option>
NY
Mets
<option>
</option>
NY
Yankees
<option>
</option>
Oakland
<option>
</option>
Philadelphia
<option>
</option>
Pittsburgh
<option>
</option>
San
Diego
<option>
</option>
San
Francisco
<option>
</option>
Seattle
<option>
</option>
St.
Louis
<option>
</option>
Tampa
Bay
<option>
</option>
Texas
<option>
</option>
Toronto
</select>
</font>
</form>
<p>
</p>
<p>
</p>
<table>
<tr>
<td>
<font>
&nbsp;
<b>
MLB
INFO
</b>
</font>
</td>
</tr>
<tr>
<td>
<font>
<b>
<a>
<font>
International
</font>
</a>
<br>
</br>
<a>
<font>
Minor
Leagues
</font>
</a>
<br>
</br>
<a>
<font>
Press
Releases
</font>
</a>
<br>
</br>
<a>
<font>
Official
Info
</font>
</a>
<br>
</br>
<a>
<font>
Archive
</font>
</a>
<br>
</br>
<a>
<font>
Multimedia
</font>
</a>
<br>
</br>
<a>
<font>
History/Records
</font>
</a>
<br>
</br>
<a>
<font>
Today
in
History
</font>
</a>
<br>
</br>
<a>
<font>
Jerome
Holtzman
</font>
</a>
<br>
</br>
<a>
<font>
Printables
</font>
</a>
<br>
</br>
<a>
<font>
Milestones
</font>
</a>
<br>
</br>
<a>
<font>
Official
Rules
</font>
</a>
<br>
</br>
<a>
<font>
Team
Addresses
</font>
</a>
<br>
</br>
</b>
</font>
</td>
</tr>
</table>
<p>
</p>
<table>
<tr>
<td>
<font>
&nbsp;
<b>
EVENTS
</b>
</font>
</td>
</tr>
<tr>
<td>
<font>
<b>
<a>
<font>
Hall
of
Fame
</font>
</a>
<br>
</br>
<a>
<font>
All-Star
Game
</font>
</a>
<br>
</br>
<a>
<font>
FanFest
</font>
</a>
<br>
</br>
<a>
<font>
Olympics
2000
</font>
</a>
<br>
</br>
<a>
<font>
2000
Draft
</font>
</a>
<br>
</br>
<a>
<font>
MLB
Road
Show
</font>
</a>
<br>
</br>
<a>
<font>
Japan
Series
</font>
</a>
<br>
</br>
<a>
<font>
AZ
Fall
League
</font>
</a>
<br>
</br>
<a>
<font>
MLB
Calendar
</font>
</a>
<br>
</br>
<a>
<font>
Events
Coverage
</font>
</a>
<br>
</br>
<a>
<font>
Tryout
Camps
</font>
</a>
<br>
</br>
</b>
</font>
</td>
</tr>
</table>
<p>
</p>
<table>
<tr>
<td>
<font>
&nbsp;
<b>
COMMUNITY
</b>
</font>
</td>
</tr>
<tr>
<td>
<font>
<b>
<a>
<font>
Grass
Roots
</font>
</a>
<br>
</br>
<a>
<font>
Fun
&
Games
</font>
</a>
<br>
</br>
<a>
<font>
Kids
</font>
</a>
<br>
</br>
<a>
<font>
Fan
Poll
</font>
</a>
<br>
</br>
<a>
<font>
Local
Coverage
</font>
</a>
<br>
</br>
</b>
</font>
</td>
</tr>
</table>
<p>
</p>
<table>
<tr>
<td>
<font>
&nbsp;
<b>
HELP
</b>
</font>
</td>
</tr>
<tr>
<td>
<font>
<b>
<a>
<font>
FAQ
</font>
</a>
<br>
</br>
<a>
<font>
Tech
FAQ
</font>
</a>
<br>
</br>
<a>
<font>
Feedback
</font>
</a>
<br>
</br>
<a>
<font>
Site
Map
</font>
</a>
<br>
</br>
<a>
<font>
Privacy
Statement
</font>
</a>
<br>
</br>
</b>
</font>
</td>
</tr>
</table>
<p>
</p>
</td>
<td>
<spacer>
</spacer>
</td>
</tr>
</table>
</td>
<td>
&nbsp;
</td>
<td>
<table>
<tr>
<td>
<table>
<tr>
<th>
<font>
<a>
A
</a>
</font>
</th>
<th>
<font>
<a>
B
</a>
</font>
</th>
<th>
<font>
<a>
C
</a>
</font>
</th>
<th>
<font>
<a>
D
</a>
</font>
</th>
<th>
<font>
<a>
E
</a>
</font>
</th>
<th>
<font>
<a>
F
</a>
</font>
</th>
<th>
<font>
<a>
G
</a>
</font>
</th>
<th>
<font>
<a>
H
</a>
</font>
</th>
<th>
<font>
<a>
I
</a>
</font>
</th>
<th>
<font>
<a>
J
</a>
</font>
</th>
<th>
<font>
<a>
K
</a>
</font>
</th>
<th>
<font>
<a>
L
</a>
</font>
</th>
<th>
<font>
<a>
M
</a>
</font>
</th>
<th>
<font>
<a>
N
</a>
</font>
</th>
<th>
<font>
<a>
O
</a>
</font>
</th>
<th>
<font>
<a>
P
</a>
</font>
</th>
<th>
<font>
<a>
Q
</a>
</font>
</th>
<th>
<font>
<a>
R
</a>
</font>
</th>
<th>
<font>
<a>
S
</a>
</font>
</th>
<th>
<font>
<a>
T
</a>
</font>
</th>
<th>
<font>
<a>
U
</a>
</font>
</th>
<th>
<font>
<a>
V
</a>
</font>
</th>
<th>
<font>
<a>
W
</a>
</font>
</th>
<th>
<font>
<a>
Y
</a>
</font>
</th>
<th>
<font>
<a>
Z
</a>
</font>
</th>
</tr>
</table>
<p>
&nbsp;
</p>
</td>
</tr>
<tr>
<td>
<table>
<tr>
<th>
<font>
Alphabetical
Listing
for:
]]>
</start-string>
<start-string context="12">
<![CDATA[</font>
</th>
</tr>
</table>
<table>
<tr>
<th>
<font>
No.
</font>
</th>
<th>
<font>
Player
</font>
</th>
<th>
<font>
Team
</font>
</th>
<th>
<font>
Position
</font>
</th>
</tr>
]]>
</start-string>
<start-string context="2">
<![CDATA[<tr>
<td>
]]>
</start-string>
<start-string context="3">
<![CDATA[</td>
<td>
<a>
]]>
</start-string>
<start-string context="9">
<![CDATA[</a>
</td>
<td>
]]>
</start-string>
<start-string context="10">
<![CDATA[</td>
<td>
]]>
</start-string>
<end-string context="10">
<![CDATA[</td>
</tr>
]]>
</end-string>
<start-string context="15">
<![CDATA[</table>
<p>
<h6>
Wed
Jul
26
]]>
</start-string>
<end-string context="15">
<![CDATA[]]>
</end-string>
<start-string context="13">
<![CDATA[05:22:56
]]>
</start-string>
<start-string context="14">
<![CDATA[05:22:55
]]>
</start-string>
</template>

