<schema id="69">
<tuple id="68" order="38">
<basic id="17">
</basic>
<basic id="18">
</basic>
<basic id="19">
</basic>
<basic id="20">
</basic>
<set id="22" max="1">
<empty id="21">
</empty>
</set>
<basic id="23">
</basic>
<basic id="24">
</basic>
<basic id="25">
</basic>
<basic id="26">
</basic>
<basic id="27">
</basic>
<basic id="28">
</basic>
<basic id="29">
</basic>
<basic id="30">
</basic>
<basic id="31">
</basic>
<basic id="32">
</basic>
<set id="33" max="1">
<empty id="16">
</empty>
</set>
<basic id="35">
</basic>
<basic id="44">
</basic>
<basic id="45">
</basic>
<basic id="46">
</basic>
<basic id="47">
</basic>
<basic id="48">
</basic>
<basic id="49">
</basic>
<basic id="50">
</basic>
<basic id="51">
</basic>
<basic id="52">
</basic>
<basic id="53">
</basic>
<basic id="54">
</basic>
<basic id="55">
</basic>
<basic id="56">
</basic>
<basic id="57">
</basic>
<basic id="58">
</basic>
<basic id="59">
</basic>
<basic id="60">
</basic>
<basic id="61">
</basic>
<set id="65" max="1">
<tuple id="64" order="2">
<basic id="62">
</basic>
<basic id="63">
</basic>
</tuple>
</set>
<basic id="66">
</basic>
<set id="67">
<tuple id="12" order="1">
<basic id="11">
</basic>
</tuple>
</set>
</tuple>
</schema>

