<value instanceof="133">
<value instanceof="45">
<![CDATA[ 1330284011]]>
</value>
<value instanceof="46">
<![CDATA[ Feb-13-02 05:28:28]]>
</value>
<value instanceof="47">
<![CDATA[ - 1902 SG314 1/- Green &amp; Scar. G-F Used Block 6]]>
</value>
<value instanceof="48">
<![CDATA[]]>
</value>
<value instanceof="49">
</value>
<value instanceof="50">
<![CDATA[ 1902 SG314 1/- Green &amp; Scar. G-F Used Block 6]]>
</value>
<value instanceof="51">
<![CDATA[ 1330284011]]>
</value>
<value instanceof="53">
</value>
<value instanceof="57">
<value instanceof="55">
</value>
</value>
<value instanceof="61">
<![CDATA[ <b> GBP 19.95 </b> <font> <i> (approx. </i> <i> $28.39 </i> <i> ) </i> </font> <br> </br> <table> <tr> <td> <font> <a> Buy It Now </a> for <b> GBP 35.00 </b> <font> <br> </br> This option disappears <br> </br> once a bid is placed. </font> </font> </td> </tr> </table>]]>
</value>
<value instanceof="65">
<![CDATA[ <b> GBP 19.95 </b> <font> <i> (approx. </i> <i> $28.39 </i> <i> ) </i> </font>]]>
</value>
<value instanceof="69">
<value instanceof="66">
</value>
</value>
<value instanceof="72">
<![CDATA[ 7 days, 19 hours +]]>
</value>
<value instanceof="74">
</value>
<value instanceof="75">
<![CDATA[ Strood, Kent]]>
</value>
<value instanceof="78">
<value instanceof="76">
</value>
</value>
<value instanceof="79">
<![CDATA[ United Kingdom/London]]>
</value>
<value instanceof="80">
<![CDATA[ Feb-03-02 05:28:28]]>
</value>
<value instanceof="81">
<![CDATA[ Feb-13-02 05:28:28]]>
</value>
<value instanceof="85">
<value instanceof="83">
</value>
</value>
<value instanceof="86">
<![CDATA[ <a href ="http://contact.ebay.com/aw-cgi/eBayISAPI.dll?ShowCoreAskSellerQuestion&amp;requested=mt99999&amp;iid=1330284011&amp;frm=284"> mt99999 </a> <a href ="http://cgi2.ebay.com/aw-cgi/eBayISAPI.dll?ViewFeedback&amp;userid=mt99999"> (938) </a> <a href ="http://pages.ebay.com/help/basics/g-stars.html"> <img align ="absmiddle" border ="0" alt ="star" height ="25" width ="25" src ="http://pics.ebay.com/aw/pics/stars-8.gif">   </a>]]>
</value>
<value instanceof="87">
<![CDATA[]]>
</value>
<value instanceof="89">
</value>
<value instanceof="90">
<![CDATA[ --]]>
</value>
<value instanceof="91">
<![CDATA[ See item description for payment methods accepted]]>
</value>
<value instanceof="92">
</value>
<value instanceof="95">
<value instanceof="93">
</value>
</value>
<value instanceof="99">
<![CDATA[ Seller ships internationally (worldwide). See item description for shipping charges.]]>
</value>
<value instanceof="103">
<value instanceof="102">
<value instanceof="101">
<![CDATA[ <td> <font> Update item </font> </td> <td> <font> <b> Seller: </b> If this item has received no bids, you may <a> revise </a> it. </font> </td>]]>
</value>
</value>
</value>
<value instanceof="106">
<value instanceof="105">
</value>
</value>
<value instanceof="109">
<value instanceof="108">
</value>
</value>
<value instanceof="132">
<![CDATA[ 1902 SG314 1/- Green &amp; Scarlet in a Good to Fine Used Block of 6. cat GBP 180 <i> as singles </i> . <p> Buyer pays Post &amp; Packing at cost from the UK, approximate rates are: </p> <pre> United Kingdom GBP 0.50p Europe GBP 1.00p Rest of the World GBP 1.50p Pricing is for individual items, multiple lots will also be priced at cost. I am happy to accept Euros, US$ or GBP Sterling Cash and will round to nearest $/Euro. I am also happy to accept PAYPAL and NOCHEX. A full refund is available for any lot that you are not happy with. </pre> <br>   <br>   <br>   <hr>   <img src ="http://www.marktopping.pwp.blueyonder.co.uk/stamps/feb2002/feb049.jpg">   <center> <a href ="http://showcount.honesty.com/cgi-bin/showcounterseBay.cgi?site=0"> <img border ="0" src ="http://counters.honesty.com/cgi-bin/honesty-counter.cgi?df=1330284011&amp;hidden=0&amp;site=0&amp;type=0&amp;border=1&amp;style=A" alt ="counter 2">   </a> <br>   <a href ="http://showcount.honesty.com/cgi-bin/showcounterseBay.cgi?site=0"> <font> Free Counters powered by Andale! </font> </a> </center> <a id ="BID1" name ="BID1"> </a> <center> <table> <tr> <td> <font> <b> Bidding </b> </font> </td> </tr> </table> </center> <br> </br> <table> <tr> <td> <table> <tr> <td> <table> <tr> <td> <font> 1902 SG314 1/- Green &amp; Scar. G-F Used Block 6 </font> <br> </br> <font> Item # 1330284011 </font> </td> </tr> <tr> <td> <table> <tr> <td> <font> <b> Bid </b> </font> </td> <td> <font> <b> Buy </b> </font> </td> </tr> <tr> <td> <form> <input> </input> <input> </input> <table> <tr> <td> <font> Opening bid: </font> </td> <td> <font> GBP 19.95 </font> </td> </tr> <tr> <td> <font> <b> Your maximum bid: </b> </font> </td> <td> <input> </input> </td> </tr> <tr> <td> <font> <i> (Minimum bid: GBP 19.95 ) </i> </font> </td> </tr> <tr> <td> </td> <td> <input> </input> </td> </tr> <tr> <td> </td> </tr> <tr> <td> <p> <font> eBay will bid incrementally on your behalf <b> up to your maximum bid </b> , which is kept secret from other eBay users. The eBay term for this is <a> proxy bidding </a> . </font> </p> </td> </tr> </table> </form> </td> <td> <form> <input> </input> <input> </input> <table> <tr> <td> <table> <tr> <td> <font> Buy It Now for <b> GBP 35.00 </b> <br> </br> <a> Learn more </a> <br> </br> This option disappears <br> </br> once a bid is placed. </font> </td> </tr> </table> </td> </tr> <tr> <td> <br> </br> <input> </input> </td> </tr> <tr> <td> </td> </tr> <tr> <td> <font> <b> Buy It Now ends this listing. </b> This option disappears once a bid is placed. <a> Learn more </a> </font> </td> </tr> </table> </form> </td> </tr> </table> </td> </tr> <tr> <td> <font> <b> Your bid is a contract </b> - Place a bid only if you're serious about buying the item. If you are the winning bidder, you will enter into a legally binding contract to purchase the item from the seller. </font> </td> </tr> </table> </td> </tr> </table> </td> <td> </td> <td> <table> <tr> <td> <table> <tr> <td> </td> <td> <center> <font> <b> How to Bid </b> </font> <img> </img> </center> </td> <td> </td> </tr> <tr> <td> </td> <td> <font> 1. </font> </td> <td> <font> <a> Register to bid </a> - if you haven't already. It's free! </font> </td> <td> </td> </tr> <tr> <td> </td> <td> <font> 2. </font> </td> <td> <font> <a> Learn about this seller </a> - read feedback comments left by others. </font> </td> <td> </td> </tr> <tr> <td> </td> <td> <font> 3. </font> </td> <td> <font> <a> Know the details </a> - read the item description and payment &amp; shipping terms closely. </font> </td> <td> </td> </tr> <tr> <td> </td> <td> <font> 4. </font> </td> <td> <font> If you have questions - contact the seller <a> mt99999 </a> <i> before </i> you bid. </font> </td> <td> </td> </tr> <tr> <td> </td> <td> <font> 5. </font> </td> <td> <font> Place your bid! </font> </td> <td> </td> </tr> <tr> <td> </td> <td> <center> <font> <b> eBay purchases are <a> insured </a> . </b> </font> </center> </td> <td> </td> </tr> <tr> <td> </td> </tr> </table> </td> </tr> </table> </td> </tr> </table> <br>   <table> <tr> <td> <table> <tr> <td> <center> <font> <b> Top Questions From This Page </b> </font> </center> </td> </tr> <tr> <td> <ul> <li> <a> How do I place a proxy bid? It looks like I can only place a maximum bid. </a> </li> <li> <a> Why doesn't my bid show up? </a> </li> <li> <a> What does "reserve not yet met" mean? </a> </li> <li> <a> How can I change something or cancel my listing completely? </a> </li> </ul> </td> <td> <ul> <li> <a> Why isn't my picture showing up? </a> </li> <li> <a> As a seller, how can I cancel an unwanted bid? </a> </li> <li> <a> Why does my email address appear when I have a User ID? </a> </li> <li> <a> How do I register? </a> </li> <li> <a> What is Half.com? </a> </li> </ul> </td> </tr> </table> </td> </tr> </table> <table> <tr> <td> <br> </br> <hr> </hr> <br> </br> <div> <font> <a> Announcements </a> | <a> Register </a> | <a> SafeHarbor (Rules &amp; Safety) </a> | <a> Feedback Forum </a> | <a> About eBay </a> </font> </div> <br> </br> </td> </tr> <tr> <td> <font> Copyright 1995-2002 eBay Inc. All Rights Reserved. <br> </br> Designated trademarks and brands are the property of their respective owners. <br> </br> Use of this Web site constitutes acceptance of the eBay <a> User Agreement </a> and <a> Privacy Policy </a> . </font> <br> </br> </td> <td> <a> <font> <img> </img> </font> </a> </td> </tr> </table> <br>   <br>  ]]>
</value>
</value>

