<value instanceof="133">
<value instanceof="45">
<![CDATA[ 1330321585]]>
</value>
<value instanceof="46">
<![CDATA[ Feb-10-02 09:30:01]]>
</value>
<value instanceof="47">
<![CDATA[ - 1902-10 KEVII Complete set &amp; Officials.]]>
</value>
<value instanceof="48">
<![CDATA[]]>
</value>
<value instanceof="49">
</value>
<value instanceof="50">
<![CDATA[ 1902-10 KEVII Complete set &amp; Officials.]]>
</value>
<value instanceof="51">
<![CDATA[ 1330321585]]>
</value>
<value instanceof="53">
</value>
<value instanceof="57">
<value instanceof="54">
</value>
</value>
<value instanceof="61">
<![CDATA[ <b> GBP 1.00 </b> <font> <i> (approx. </i> <i> $1.42 </i> <i> ) </i> </font>]]>
</value>
<value instanceof="65">
<![CDATA[ <b> GBP 1.00 </b> <font> <i> (approx. </i> <i> $1.42 </i> <i> ) </i> </font>]]>
</value>
<value instanceof="69">
<value instanceof="66">
</value>
</value>
<value instanceof="72">
<![CDATA[ 4 days, 23 hours +]]>
</value>
<value instanceof="74">
</value>
<value instanceof="75">
<![CDATA[ Peak District]]>
</value>
<value instanceof="78">
<value instanceof="77">
</value>
</value>
<value instanceof="79">
<![CDATA[ United Kingdom]]>
</value>
<value instanceof="80">
<![CDATA[ Feb-03-02 09:30:01]]>
</value>
<value instanceof="81">
<![CDATA[ Feb-10-02 09:30:01]]>
</value>
<value instanceof="85">
<value instanceof="83">
</value>
</value>
<value instanceof="86">
<![CDATA[ <a href ="http://contact.ebay.com/aw-cgi/eBayISAPI.dll?ShowCoreAskSellerQuestion&amp;requested=schutz2001&amp;iid=1330321585&amp;frm=284"> schutz2001 </a> <a href ="http://cgi2.ebay.com/aw-cgi/eBayISAPI.dll?ViewFeedback&amp;userid=schutz2001"> (310) </a> <a href ="http://pages.ebay.com/help/basics/g-stars.html"> <img align ="absmiddle" border ="0" alt ="star" height ="25" width ="25" src ="http://pics.ebay.com/aw/pics/stars-7.gif">   </a>]]>
</value>
<value instanceof="87">
<![CDATA[]]>
</value>
<value instanceof="89">
</value>
<value instanceof="90">
<![CDATA[ --]]>
</value>
<value instanceof="91">
<![CDATA[ Personal Checks. Other. See item description for payment methods accepted]]>
</value>
<value instanceof="92">
</value>
<value instanceof="95">
<value instanceof="93">
</value>
</value>
<value instanceof="99">
<![CDATA[ Buyer pays fixed shipping charges. Seller ships internationally (worldwide). See item description for shipping charges.]]>
</value>
<value instanceof="103">
<value instanceof="102">
<value instanceof="101">
<![CDATA[ <td> <font> Seller Services </font> </td> <td> <a> <font> Revise item </font> </a> </td>]]>
</value>
</value>
</value>
<value instanceof="106">
<value instanceof="105">
</value>
</value>
<value instanceof="109">
<value instanceof="108">
</value>
</value>
<value instanceof="132">
<![CDATA[ 15 stamps forming the basic set from d to 1/- with both the halfpenny shades and both types of 4d also included three Officials all circular date stamped and in fine condition. No scan so if not as described you may return without question. Buyer pays P&amp;P. Payment by cheque (UK bank) /PO or cash USD or major European currency. <br>   <br>   <br>   <br>   <table width ="100%" border ="0" cellspacing ="0" cellpadding ="4"> <tr valign ="top"> <td> <table> <tr> <td> <b> <font> Payment Details </font> </b> </td> </tr> </table> <table> <tr> <td> <font> See item description and Payment Instructions, or contact seller for more information. </font> </td> </tr> </table> </td> <td> <table> <tr> <td> <b> <font> Payment Instructions </font> </b> </td> </tr> </table> <font> See item description or contact seller for more information. </font> </td> </tr> </table> <a id ="BID1" name ="BID1"> </a> <center> <table> <tr> <td> <font> <b> Bidding </b> </font> </td> </tr> </table> </center> <br> </br> <table> <tr> <td> <table> <tr> <td> <form> <input> </input> <input> </input> <table> <tr> <td> <table> <tr> <td> <center> <font> 1902-10 KEVII Complete set &amp; Officials. </font> <br> </br> <font> Item # 1330321585 </font> </center> </td> </tr> <tr> <td> </td> <td> <font> Opening bid </font> </td> <td> </td> <td> <font> GBP 1.00 </font> </td> <td> </td> </tr> <tr> <td> </td> <td> <font> <b> Your maximum bid: </b> </font> </td> <td> </td> <td> <input> </input> </td> <td> </td> </tr> <tr> <td> </td> <td> <font> <i> (Minimum bid: GBP 1.00 ) </i> </font> </td> <td> </td> </tr> <tr> <td> <input> </input> </td> <td> </td> </tr> </table> </td> </tr> <tr> <td> <p> <font> eBay will bid incrementally on your behalf <b> up to your maximum bid </b> , which is kept secret from other eBay users. The eBay term for this is <a> proxy bidding </a> . </font> </p> <br> </br> </td> </tr> <tr> <td> <font> <b> Your bid is a contract </b> - Place a bid only if you're serious about buying the item. If you are the winning bidder, you will enter into a legally binding contract to purchase the item from the seller. </font> </td> </tr> </table> </form> </td> </tr> </table> </td> <td> </td> <td> <table> <tr> <td> <table> <tr> <td> </td> <td> <center> <font> <b> How to Bid </b> </font> <img> </img> </center> </td> <td> </td> </tr> <tr> <td> </td> <td> <font> 1. </font> </td> <td> <font> <a> Register to bid </a> - if you haven't already. It's free! </font> </td> <td> </td> </tr> <tr> <td> </td> <td> <font> 2. </font> </td> <td> <font> <a> Learn about this seller </a> - read feedback comments left by others. </font> </td> <td> </td> </tr> <tr> <td> </td> <td> <font> 3. </font> </td> <td> <font> <a> Know the details </a> - read the item description and payment &amp; shipping terms closely. </font> </td> <td> </td> </tr> <tr> <td> </td> <td> <font> 4. </font> </td> <td> <font> If you have questions - contact the seller <a> schutz2001 </a> <i> before </i> you bid. </font> </td> <td> </td> </tr> <tr> <td> </td> <td> <font> 5. </font> </td> <td> <font> Place your bid! </font> </td> <td> </td> </tr> <tr> <td> </td> <td> <center> <font> <b> eBay purchases are <a> insured </a> . </b> </font> </center> </td> <td> </td> </tr> <tr> <td> </td> </tr> </table> </td> </tr> </table> </td> </tr> </table> <br>   <table> <tr> <td> <table> <tr> <td> <center> <font> <b> Top Questions From This Page </b> </font> </center> </td> </tr> <tr> <td> <ul> <li> <a> How do I place a proxy bid? It looks like I can only place a maximum bid. </a> </li> <li> <a> Why doesn't my bid show up? </a> </li> <li> <a> What does "reserve not yet met" mean? </a> </li> <li> <a> How can I change something or cancel my listing completely? </a> </li> </ul> </td> <td> <ul> <li> <a> Why isn't my picture showing up? </a> </li> <li> <a> As a seller, how can I cancel an unwanted bid? </a> </li> <li> <a> Why does my email address appear when I have a User ID? </a> </li> <li> <a> How do I register? </a> </li> <li> <a> What is Half.com? </a> </li> </ul> </td> </tr> </table> </td> </tr> </table> <table> <tr> <td> <br> </br> <hr> </hr> <br> </br> <div> <font> <a> Announcements </a> | <a> Register </a> | <a> SafeHarbor (Rules &amp; Safety) </a> | <a> Feedback Forum </a> | <a> About eBay </a> </font> </div> <br> </br> </td> </tr> <tr> <td> <font> Copyright 1995-2002 eBay Inc. All Rights Reserved. <br> </br> Designated trademarks and brands are the property of their respective owners. <br> </br> Use of this Web site constitutes acceptance of the eBay <a> User Agreement </a> and <a> Privacy Policy </a> . </font> <br> </br> </td> <td> <a> <font> <img> </img> </font> </a> </td> </tr> </table> <br>   <br>  ]]>
</value>
</value>

