<value instanceof="133">
<value instanceof="45">
<![CDATA[ 1330383413]]>
</value>
<value instanceof="46">
<![CDATA[ Feb-13-02 12:34:35]]>
</value>
<value instanceof="47">
<![CDATA[ - SG.297&amp;303 - 6d Purple (shades)]]>
</value>
<value instanceof="48">
<![CDATA[]]>
</value>
<value instanceof="49">
</value>
<value instanceof="50">
<![CDATA[ SG.297&amp;303 - 6d Purple (shades)]]>
</value>
<value instanceof="51">
<![CDATA[ 1330383413]]>
</value>
<value instanceof="53">
</value>
<value instanceof="57">
<value instanceof="54">
</value>
</value>
<value instanceof="61">
<![CDATA[ <b> GBP 3.95 </b> <font> <i> (approx. </i> <i> $5.62 </i> <i> ) </i> </font>]]>
</value>
<value instanceof="65">
<![CDATA[ <b> GBP 3.95 </b> <font> <i> (approx. </i> <i> $5.62 </i> <i> ) </i> </font>]]>
</value>
<value instanceof="69">
<value instanceof="68">
</value>
</value>
<value instanceof="72">
<![CDATA[ 8 days, 2 hours +]]>
</value>
<value instanceof="74">
</value>
<value instanceof="75">
<![CDATA[ West Yorkshire, England]]>
</value>
<value instanceof="78">
<value instanceof="76">
</value>
</value>
<value instanceof="79">
<![CDATA[ United Kingdom/Leeds]]>
</value>
<value instanceof="80">
<![CDATA[ Feb-03-02 12:34:35]]>
</value>
<value instanceof="81">
<![CDATA[ Feb-13-02 12:34:35]]>
</value>
<value instanceof="85">
<value instanceof="83">
</value>
</value>
<value instanceof="86">
<![CDATA[ <a href ="http://contact.ebay.com/aw-cgi/eBayISAPI.dll?ShowCoreAskSellerQuestion&amp;requested=thareg&amp;iid=1330383413&amp;frm=284"> thareg </a> <a href ="http://cgi2.ebay.com/aw-cgi/eBayISAPI.dll?ViewFeedback&amp;userid=thareg"> (554) </a> <a href ="http://pages.ebay.com/help/basics/g-stars.html"> <img align ="absmiddle" border ="0" alt ="star" height ="25" width ="25" src ="http://pics.ebay.com/aw/pics/stars-8.gif">   </a> <a href ="http://members.ebay.com/aboutme/thareg/"> <img src ="http://pics.ebay.com/aw/pics/aboutme-small.gif" align ="absmiddle" border ="0" alt ="about me" height ="8" width ="23">   </a>]]>
</value>
<value instanceof="87">
<![CDATA[]]>
</value>
<value instanceof="89">
</value>
<value instanceof="90">
<![CDATA[ <b> <a href ="http://contact.ebay.com/aw-cgi/eBayISAPI.dll?ReturnUserEmail&amp;requested=mcp12&amp;iid=1330383413&amp;frm=284"> mcp12 </a> <a href ="http://cgi2.ebay.com/aw-cgi/eBayISAPI.dll?ViewFeedback&amp;userid=mcp12"> (153) </a> <a href ="http://pages.ebay.com/help/basics/g-stars.html"> <img align ="absmiddle" border ="0" alt ="star" height ="25" width ="25" src ="http://pics.ebay.com/aw/pics/stars-7.gif">   </a> </b>]]>
</value>
<value instanceof="91">
<![CDATA[ See item description for payment methods accepted]]>
</value>
<value instanceof="92">
</value>
<value instanceof="95">
<value instanceof="93">
</value>
</value>
<value instanceof="99">
<![CDATA[ Seller ships internationally (worldwide). See item description for shipping charges.]]>
</value>
<value instanceof="103">
</value>
<value instanceof="106">
<value instanceof="105">
</value>
</value>
<value instanceof="109">
<value instanceof="108">
</value>
</value>
<value instanceof="132">
<![CDATA[ <table border ="20" cols ="0" width ="100%" align ="center" cellpadding ="2"> <tr> <td valign ="top" align ="center" colspan ="0" bgcolor ="#FFFFFF"> <font size ="6"> <font color ="#CC0000"> 6d Purple (shades) </font> </font> </td> </tr> </table> <table border ="8" cols ="0" width ="100%" align ="center" cellpadding ="2"> <tr> <td valign ="top" align ="center" colspan ="0" bgcolor ="#FFFFFF"> <img src ="http://www.auctionimages.net/xhost/images/thareg/q11.jpg">   <br>   <hr>   <font face ="Arial"> <font size ="2"> <font color ="#000000"> <b> On the left SG.297 - 6d Dull Purple, on the right SG.303 - 6d Deep Plum. </b> </font> </font> </font> <p> <font face ="Arial"> <font size ="2"> <font color ="#000000"> <b> Both fault free examples </b> </font> </font> </font> </p> <p> <font face ="Arial"> <font size ="2"> <font color ="#000000"> <b> Catalogued at 15 &amp; 60 </b> </font> </font> </font> </p> <center> <font face ="Arial"> <font size ="2"> <font color ="#000000"> <b> <font color ="#FF0000"> <font size ="4"> <b> LOW START and NO RESERVE </b> </font> </font> </b> </font> </font> </font> <hr>   <font face ="Arial"> <font size ="2"> <font color ="#000000"> <b> <font color ="#0000CC"> <font size ="2"> <b> UK p&amp;p 45p 1st class or 1 recorded. </b> </font> </font> </b> </font> </font> </font> <p> <font face ="Arial"> <font size ="2"> <font color ="#000000"> <b> <font color ="#0000CC"> <font size ="2"> Overseas welcome, payment can be accepted by PayPal (NB. Payment will be requested in US$ at the rate of GB = US$1.55), in cash (GB, US$ or Euros - NB. US$ @ 1.58/1 &amp; Euros @ E1.75/1) or by a GB cheque drawn on a UK Bank. </font> </font> </b> </font> </font> </font> </p> <p> <font face ="Arial"> <font size ="2"> <font color ="#000000"> <b> <font color ="#0000CC"> <font size ="2"> Shipment charged at cost </font> </font> </b> </font> </font> </font> </p> <p> <font face ="Arial"> <font size ="2"> <font color ="#000000"> <b> <font color ="#0000CC"> <font size ="2"> Please note I'm afraid I can't accept credit cards (except through PayPal), bidpay, US$ cheques, GB mint stamps or eurocheques so please bear in mind <u> before </u> bidding. </font> <br>   <a href ="http://www.nochex.com" target ="_blank"> <img src ="http://www.nochex.com/web/images/logoe.gif" border ="0" width ="88" height ="33" alt ="I accept payment using NOCHEX">   </a> <a href ="https://www.paypal.com/auction/pal=XJRE64XKK8N6J" target ="_blank"> <img src ="http://images.paypal.com/images/lgo/banner_intl.gif" border ="0" alt ="Pay me securely with your Visa, MasterCard, Discover, or American Express card through PayPal!">   </a> </font> </b> </font> </font> </font> </p> </center> </td> </tr> </table> <br>   <br>   <br>   <hr>   <img src ="http://home.arcor.de/gifs24/gifs/looneytoones/wb024.gif">   <a id ="BID1" name ="BID1"> </a> <center> <table> <tr> <td> <font> <b> Bidding </b> </font> </td> </tr> </table> </center> <br> </br> <table> <tr> <td> <table> <tr> <td> <form> <input> </input> <input> </input> <table> <tr> <td> <table> <tr> <td> <center> <font> SG.297&amp;303 - 6d Purple (shades) </font> <br> </br> <font> Item # 1330383413 </font> </center> </td> </tr> <tr> <td> </td> <td> <font> Current bid: </font> </td> <td> </td> <td> <font> GBP 3.95 </font> </td> <td> </td> </tr> <tr> <td> </td> <td> <font> Bid increment: </font> </td> <td> </td> <td> <font> GBP 0.20 </font> </td> <td> </td> </tr> <tr> <td> </td> <td> <font> <b> Your maximum bid: </b> </font> </td> <td> </td> <td> <input> </input> </td> <td> </td> </tr> <tr> <td> </td> <td> <font> <i> (Minimum bid: GBP 4.15 ) </i> </font> </td> <td> </td> </tr> <tr> <td> <input> </input> </td> <td> </td> </tr> </table> </td> </tr> <tr> <td> <p> <font> eBay will bid incrementally on your behalf <b> up to your maximum bid </b> , which is kept secret from other eBay users. The eBay term for this is <a> proxy bidding </a> . </font> </p> <br> </br> </td> </tr> <tr> <td> <font> <b> Your bid is a contract </b> - Place a bid only if you're serious about buying the item. If you are the winning bidder, you will enter into a legally binding contract to purchase the item from the seller. </font> </td> </tr> </table> </form> </td> </tr> </table> </td> <td> </td> <td> <table> <tr> <td> <table> <tr> <td> </td> <td> <center> <font> <b> How to Bid </b> </font> <img> </img> </center> </td> <td> </td> </tr> <tr> <td> </td> <td> <font> 1. </font> </td> <td> <font> <a> Register to bid </a> - if you haven't already. It's free! </font> </td> <td> </td> </tr> <tr> <td> </td> <td> <font> 2. </font> </td> <td> <font> <a> Learn about this seller </a> - read feedback comments left by others. </font> </td> <td> </td> </tr> <tr> <td> </td> <td> <font> 3. </font> </td> <td> <font> <a> Know the details </a> - read the item description and payment &amp; shipping terms closely. </font> </td> <td> </td> </tr> <tr> <td> </td> <td> <font> 4. </font> </td> <td> <font> If you have questions - contact the seller <a> thareg </a> <i> before </i> you bid. </font> </td> <td> </td> </tr> <tr> <td> </td> <td> <font> 5. </font> </td> <td> <font> Place your bid! </font> </td> <td> </td> </tr> <tr> <td> </td> <td> <center> <font> <b> eBay purchases are <a> insured </a> . </b> </font> </center> </td> <td> </td> </tr> <tr> <td> </td> </tr> </table> </td> </tr> </table> </td> </tr> </table> <br>   <table> <tr> <td> <table> <tr> <td> <center> <font> <b> Top Questions From This Page </b> </font> </center> </td> </tr> <tr> <td> <ul> <li> <a> How do I place a proxy bid? It looks like I can only place a maximum bid. </a> </li> <li> <a> Why doesn't my bid show up? </a> </li> <li> <a> What does "reserve not yet met" mean? </a> </li> <li> <a> How can I change something or cancel my listing completely? </a> </li> </ul> </td> <td> <ul> <li> <a> Why isn't my picture showing up? </a> </li> <li> <a> As a seller, how can I cancel an unwanted bid? </a> </li> <li> <a> Why does my email address appear when I have a User ID? </a> </li> <li> <a> How do I register? </a> </li> <li> <a> What is Half.com? </a> </li> </ul> </td> </tr> </table> </td> </tr> </table> <table> <tr> <td> <br> </br> <hr> </hr> <br> </br> <div> <font> <a> Announcements </a> | <a> Register </a> | <a> SafeHarbor (Rules &amp; Safety) </a> | <a> Feedback Forum </a> | <a> About eBay </a> </font> </div> <br> </br> </td> </tr> <tr> <td> <font> Copyright 1995-2002 eBay Inc. All Rights Reserved. <br> </br> Designated trademarks and brands are the property of their respective owners. <br> </br> Use of this Web site constitutes acceptance of the eBay <a> User Agreement </a> and <a> Privacy Policy </a> . </font> <br> </br> </td> <td> <a> <font> <img> </img> </font> </a> </td> </tr> </table> <br>   <br>  ]]>
</value>
</value>

