<value instanceof="133">
<value instanceof="45">
<![CDATA[ 1330390397]]>
</value>
<value instanceof="46">
<![CDATA[ Feb-13-02 12:52:30]]>
</value>
<value instanceof="47">
<![CDATA[ - Stockcard Edward VII - 1/- Unchecked]]>
</value>
<value instanceof="48">
<![CDATA[ <meta name ="Microsoft Theme 2.00" content ="blends 011">   <meta http equiv ="Content-Type" content ="text/html; charset=windows-1252">   <meta name ="ProgId" content ="Word.Document">   <meta name ="Generator" content ="Microsoft Word 9">   <meta name ="Originator" content ="Microsoft Word 9">   <link rel ="File-List" href ="./17_files/filelist.xml">   <title> MARKc956 Ebay Auction </title> <style type ="text/css"> /* /*]]>*/ </style>]]>
</value>
<value instanceof="49">
<value instanceof="8">
</value>
</value>
<value instanceof="50">
<![CDATA[ Stockcard Edward VII - 1/- Unchecked]]>
</value>
<value instanceof="51">
<![CDATA[ 1330390397]]>
</value>
<value instanceof="53">
</value>
<value instanceof="57">
<value instanceof="54">
</value>
</value>
<value instanceof="61">
<![CDATA[ <b> GBP 2.00 </b> <font> <i> (approx. </i> <i> $2.85 </i> <i> ) </i> </font>]]>
</value>
<value instanceof="65">
<![CDATA[ <b> GBP 2.00 </b> <font> <i> (approx. </i> <i> $2.85 </i> <i> ) </i> </font>]]>
</value>
<value instanceof="69">
<value instanceof="68">
</value>
</value>
<value instanceof="72">
<![CDATA[ 8 days, 3 hours +]]>
</value>
<value instanceof="74">
</value>
<value instanceof="75">
<![CDATA[ Lincoln]]>
</value>
<value instanceof="78">
<value instanceof="76">
</value>
</value>
<value instanceof="79">
<![CDATA[ United Kingdom/Leeds]]>
</value>
<value instanceof="80">
<![CDATA[ Feb-03-02 12:52:30]]>
</value>
<value instanceof="81">
<![CDATA[ Feb-13-02 12:52:30]]>
</value>
<value instanceof="85">
<value instanceof="83">
</value>
</value>
<value instanceof="86">
<![CDATA[ <a href ="http://contact.ebay.com/aw-cgi/eBayISAPI.dll?ShowCoreAskSellerQuestion&amp;requested=markc956&amp;iid=1330390397&amp;frm=284"> markc956 </a> <a href ="http://cgi2.ebay.com/aw-cgi/eBayISAPI.dll?ViewFeedback&amp;userid=markc956"> (405) </a> <a href ="http://pages.ebay.com/help/basics/g-stars.html"> <img align ="absmiddle" border ="0" alt ="star" height ="25" width ="25" src ="http://pics.ebay.com/aw/pics/stars-7.gif">   </a> <a href ="http://members.ebay.com/aboutme/markc956/"> <img src ="http://pics.ebay.com/aw/pics/aboutme-small.gif" align ="absmiddle" border ="0" alt ="about me" height ="8" width ="23">   </a>]]>
</value>
<value instanceof="87">
<![CDATA[]]>
</value>
<value instanceof="89">
</value>
<value instanceof="90">
<![CDATA[ <b> <a href ="http://contact.ebay.com/aw-cgi/eBayISAPI.dll?ReturnUserEmail&amp;requested=bertieburrell&amp;iid=1330390397&amp;frm=284"> bertieburrell </a> <a href ="http://cgi2.ebay.com/aw-cgi/eBayISAPI.dll?ViewFeedback&amp;userid=bertieburrell"> (85) </a> <a href ="http://pages.ebay.com/help/basics/g-stars.html"> <img align ="absmiddle" border ="0" alt ="star" height ="25" width ="25" src ="http://pics.ebay.com/aw/pics/stars-6.gif">   </a> </b>]]>
</value>
<value instanceof="91">
<![CDATA[ Personal Checks. COD (collect on delivery). See item description for payment methods accepted]]>
</value>
<value instanceof="92">
</value>
<value instanceof="95">
<value instanceof="93">
</value>
</value>
<value instanceof="99">
<![CDATA[ Will ship to United Kingdom and the following regions: <br> </br> Africa. Asia. Caribbean. Europe. Mexico and Central America. North America. Australasia. South America. See item description for shipping charges.]]>
</value>
<value instanceof="103">
</value>
<value instanceof="106">
<value instanceof="105">
</value>
</value>
<value instanceof="109">
<value instanceof="108">
</value>
</value>
<value instanceof="132">
<![CDATA[ <div class ="Section1"> <p align ="center" style ='text-align:center'> <b> <span style ='font-size:14.0pt;mso-bidi-font-size:12.0pt;color:blue'> Edward VII to 1/- </span> </b> </p> <p align ="center" style ='text-align:center'> <b> <span style ='font-size:14.0pt; mso bidi font size pt color blue> Selection from old album, good for shades and unchecked for printings. </span> </b> </p> <h4 align ="center" style ='text-align:center'> POSTAGE AND PACKING <span style ='color:red'> UK </span> . Normal, 80p, Recorded delivery, 1.30 </h4> <h4 align ="center" style ='text-align:center'> POSTAGE AND PACKING <span style ='color:red'> US </span> &amp; <span style ='color:red'> OVERSEAS. </span> Normal 2.00, Recorded delivery 5.00 </h4> <h4 align ="center" style ='text-align:center'> <b style ='mso-bidi-font-weight:normal'> <u> <span style ='color:red'> Postal Rates will decrease for lighter objects, please read invoice. </span> </u> </b> </h4> <h4 align ="center" style ='text-align:center'> Due to high bank charges we can only accept personnel cheques drawn on a <span style ='color:red'> UK bank. </span> All overseas sales are therefore to be <span style ='color:red'> US$ Cash or PayPal. </span> </h4> <h4 align ="center" style ='text-align:center'> <span style ='color:red'> Exchange Rate including bank commission $1.60=1 </span> </h4> <h5 align ="center" style ='text-align:center'> <span style ='color:blue'> "Stamps a Lot" </span> </h5> </div> <hr>   <samp> On 04-Feb-02 at 08:14:33 GMT, seller added the following information: </samp> <p> </p> <table border ="0" cellpadding ="10" cellspacing ="0" align ="center"> <tr> <td align ="center"> <font face ="verdana, arial, helvetica" size ="2"> <b> After purchasing, pay instantly with your credit card through PayPal! </b> </font> </td> </tr> <tr> <td align ="center"> <a href ="https://www.paypal.com/xclick-auction/business=3RJH23LWNEXGA&amp;auction_type=Ebay" target ="_blank"> <noscript> <img> </img> </noscript> </a> </td> </tr> <tr> <td align ="center"> <img src ="http://images.paypal.com/images/icon_visa.gif" border ="0" alt ="Visa">   <img src ="http://images.paypal.com/images/icon_mastercard.gif" border ="0" alt ="MasterCard">   <img src ="http://images.paypal.com/images/icon_discover.gif" border ="0" alt ="Discover">   <img src ="http://images.paypal.com/images/icon_amex.gif" border ="0" alt ="American Express">   </td> </tr> </table> <br>   <br>   <br>   <a id ="ebayphotohosting" name ="ebayphotohosting"> </a> <a id ="ebaylargephotohosting" name ="ebaylargephotohosting"> </a> <hr>   <center> <table border ="0" cellpadding ="0" cellspacing ="0"> <tr> <td> <img> </img> <br> </br> <form> <input> </input> <input> </input> <input> </input> <input> </input> <input> </input> <input> </input> </form> <a> <img> </img> </a> </td> <td width ="20"> </td> <td width ="220" nowrap ="nowrap" valign ="top"> </td> </tr> </table> </center> <center> <a href ="http://showcount.honesty.com/cgi-bin/showcounterseBay.cgi?site=0"> <img border ="0" src ="http://counters.honesty.com/cgi-bin/honesty-counter.cgi?df=1330390397&amp;hidden=0&amp;site=0&amp;type=0&amp;border=1&amp;style=A" alt ="counter 2">   </a> <br>   <a href ="http://showcount.honesty.com/cgi-bin/showcounterseBay.cgi?site=0"> <font> Free Counters powered by Andale! </font> </a> </center> <br>   <table width ="100%" border ="0" cellspacing ="0" cellpadding ="4"> <tr valign ="top"> <td> <table> <tr> <td> <b> <font> Payment Details </font> </b> </td> </tr> </table> <table> <tr> <td> <font> See item description and Payment Instructions, or contact seller for more information. </font> </td> </tr> </table> </td> <td> <table> <tr> <td> <b> <font> Payment Instructions </font> </b> </td> </tr> </table> <font> See item description or contact seller for more information. </font> </td> </tr> </table> <a id ="BID1" name ="BID1"> </a> <center> <table> <tr> <td> <font> <b> Bidding </b> </font> </td> </tr> </table> </center> <br> </br> <table> <tr> <td> <table> <tr> <td> <form> <input> </input> <input> </input> <table> <tr> <td> <table> <tr> <td> <center> <font> Stockcard Edward VII - 1/- Unchecked </font> <br> </br> <font> Item # 1330390397 </font> </center> </td> </tr> <tr> <td> </td> <td> <font> Current bid: </font> </td> <td> </td> <td> <font> GBP 2.00 </font> </td> <td> </td> </tr> <tr> <td> </td> <td> <font> Bid increment: </font> </td> <td> </td> <td> <font> GBP 0.20 </font> </td> <td> </td> </tr> <tr> <td> </td> <td> <font> <b> Your maximum bid: </b> </font> </td> <td> </td> <td> <input> </input> </td> <td> </td> </tr> <tr> <td> </td> <td> <font> <i> (Minimum bid: GBP 2.20 ) </i> </font> </td> <td> </td> </tr> <tr> <td> <input> </input> </td> <td> </td> </tr> </table> </td> </tr> <tr> <td> <p> <font> eBay will bid incrementally on your behalf <b> up to your maximum bid </b> , which is kept secret from other eBay users. The eBay term for this is <a> proxy bidding </a> . </font> </p> <br> </br> </td> </tr> <tr> <td> <font> <b> Your bid is a contract </b> - Place a bid only if you're serious about buying the item. If you are the winning bidder, you will enter into a legally binding contract to purchase the item from the seller. </font> </td> </tr> </table> </form> </td> </tr> </table> </td> <td> </td> <td> <table> <tr> <td> <table> <tr> <td> </td> <td> <center> <font> <b> How to Bid </b> </font> <img> </img> </center> </td> <td> </td> </tr> <tr> <td> </td> <td> <font> 1. </font> </td> <td> <font> <a> Register to bid </a> - if you haven't already. It's free! </font> </td> <td> </td> </tr> <tr> <td> </td> <td> <font> 2. </font> </td> <td> <font> <a> Learn about this seller </a> - read feedback comments left by others. </font> </td> <td> </td> </tr> <tr> <td> </td> <td> <font> 3. </font> </td> <td> <font> <a> Know the details </a> - read the item description and payment &amp; shipping terms closely. </font> </td> <td> </td> </tr> <tr> <td> </td> <td> <font> 4. </font> </td> <td> <font> If you have questions - contact the seller <a> markc956 </a> <i> before </i> you bid. </font> </td> <td> </td> </tr> <tr> <td> </td> <td> <font> 5. </font> </td> <td> <font> Place your bid! </font> </td> <td> </td> </tr> <tr> <td> </td> <td> <center> <font> <b> eBay purchases are <a> insured </a> . </b> </font> </center> </td> <td> </td> </tr> <tr> <td> </td> </tr> </table> </td> </tr> </table> </td> </tr> </table> <br>   <table> <tr> <td> <table> <tr> <td> <center> <font> <b> Top Questions From This Page </b> </font> </center> </td> </tr> <tr> <td> <ul> <li> <a> How do I place a proxy bid? It looks like I can only place a maximum bid. </a> </li> <li> <a> Why doesn't my bid show up? </a> </li> <li> <a> What does "reserve not yet met" mean? </a> </li> <li> <a> How can I change something or cancel my listing completely? </a> </li> </ul> </td> <td> <ul> <li> <a> Why isn't my picture showing up? </a> </li> <li> <a> As a seller, how can I cancel an unwanted bid? </a> </li> <li> <a> Why does my email address appear when I have a User ID? </a> </li> <li> <a> How do I register? </a> </li> <li> <a> What is Half.com? </a> </li> </ul> </td> </tr> </table> </td> </tr> </table> <table> <tr> <td> <br> </br> <hr> </hr> <br> </br> <div> <font> <a> Announcements </a> | <a> Register </a> | <a> SafeHarbor (Rules &amp; Safety) </a> | <a> Feedback Forum </a> | <a> About eBay </a> </font> </div> <br> </br> </td> </tr> <tr> <td> <font> Copyright 1995-2002 eBay Inc. All Rights Reserved. <br> </br> Designated trademarks and brands are the property of their respective owners. <br> </br> Use of this Web site constitutes acceptance of the eBay <a> User Agreement </a> and <a> Privacy Policy </a> . </font> <br> </br> </td> <td> <a> <font> <img> </img> </font> </a> </td> </tr> </table> <br>   <br>  ]]>
</value>
</value>

