<value instanceof="133">
<value instanceof="45">
<![CDATA[ 1330552937]]>
</value>
<value instanceof="46">
<![CDATA[ Feb-05-02 09:27:23]]>
</value>
<value instanceof="47">
<![CDATA[ - 1/2d.(very blotchy print)BLCK 4 MNT. Harrison]]>
</value>
<value instanceof="48">
<![CDATA[]]>
</value>
<value instanceof="49">
</value>
<value instanceof="50">
<![CDATA[ 1/2d.(very blotchy print)BLCK 4 MNT. Harrison]]>
</value>
<value instanceof="51">
<![CDATA[ 1330552937]]>
</value>
<value instanceof="53">
<value instanceof="52">
</value>
</value>
<value instanceof="57">
<value instanceof="56">
</value>
</value>
<value instanceof="61">
<![CDATA[ <b> $60.00 </b>]]>
</value>
<value instanceof="65">
<![CDATA[ <b> $60.00 </b>]]>
</value>
<value instanceof="69">
<value instanceof="68">
</value>
</value>
<value instanceof="72">
<![CDATA[ <font color ="red"> Auction has ended with Buy It Now. </font>]]>
</value>
<value instanceof="74">
<value instanceof="73">
</value>
</value>
<value instanceof="75">
<![CDATA[ PERTHSHIRE IN THE HEART OF SCOTLAND]]>
</value>
<value instanceof="78">
<value instanceof="77">
</value>
</value>
<value instanceof="79">
<![CDATA[ United Kingdom]]>
</value>
<value instanceof="80">
<![CDATA[ Feb-04-02 02:50:39]]>
</value>
<value instanceof="81">
<![CDATA[ Feb-05-02 09:27:23]]>
</value>
<value instanceof="85">
<value instanceof="84">
</value>
</value>
<value instanceof="86">
<![CDATA[ <a href ="http://contact.ebay.com/aw-cgi/eBayISAPI.dll?ReturnUserEmail&amp;requested=inchstamp&amp;iid=1330552937&amp;frm=284"> inchstamp </a> <a href ="http://cgi2.ebay.com/aw-cgi/eBayISAPI.dll?ViewFeedback&amp;userid=inchstamp"> (198) </a> <a href ="http://pages.ebay.com/help/basics/g-stars.html"> <img align ="absmiddle" border ="0" alt ="star" height ="25" width ="25" src ="http://pics.ebay.com/aw/pics/stars-7.gif">   </a>]]>
</value>
<value instanceof="87">
<![CDATA[]]>
</value>
<value instanceof="89">
<value instanceof="88">
</value>
</value>
<value instanceof="90">
<![CDATA[ <b> <a href ="http://contact.ebay.com/aw-cgi/eBayISAPI.dll?ReturnUserEmail&amp;requested=bauhaus22&amp;iid=1330552937&amp;frm=284"> bauhaus22 </a> <a href ="http://cgi2.ebay.com/aw-cgi/eBayISAPI.dll?ViewFeedback&amp;userid=bauhaus22"> (502) </a> <a href ="http://pages.ebay.com/help/basics/g-stars.html"> <img align ="absmiddle" border ="0" alt ="star" height ="25" width ="25" src ="http://pics.ebay.com/aw/pics/stars-8.gif">   </a> </b>]]>
</value>
<value instanceof="91">
<![CDATA[ See item description for payment methods accepted]]>
</value>
<value instanceof="92">
</value>
<value instanceof="95">
<value instanceof="93">
</value>
</value>
<value instanceof="99">
<![CDATA[ Buyer pays actual shipping charges. Seller ships internationally (worldwide). See item description for shipping charges.]]>
</value>
<value instanceof="103">
<value instanceof="102">
<value instanceof="101">
<![CDATA[ <td> <font> Seller <br> </br> Services </font> </td> <td> <font> <br> </br> <a> Checkout summary </a> | <a> Relist this item </a> <br> </br> <a> Make a Personal Offer </a> </font> </td>]]>
</value>
</value>
</value>
<value instanceof="106">
<value instanceof="104">
</value>
</value>
<value instanceof="109">
<value instanceof="107">
</value>
</value>
<value instanceof="132">
<![CDATA[ <h3> Rare 1911 Harrison printing perf.14 1/2d deep dull yellow-green (Very blotchy printing) in un-mounted mint block of four complete with 'Royal' certificate of genuineness. <br>   Lovely fresh stamps. CV $200++. </h3> <p> <font color ="blue"> PAYMENT. </font> Please pay in CASH US dollars or pounds sterling, or by cheque drawn only on UK bank in sterling. I cannot accept foreign or US checks because of high bank charges to clear them. </p> <p> <font color ="blue"> SHIPPING </font> Postage UK $0.50,Europe $1, world-wide airmail $2.00. </p> <p> <img src ="http://www.inchmartine.freeserve.co.uk/gbw.jpg">   </p> <p> <img src ="http://www.inchmartine.freeserve.co.uk/gbv.jpg">   <br>   <br>   <br>   </p> <hr>   <img src ="http://www.inchmartine.freeserve.co.uk/gbu.jpg">   <center> <a href ="http://showcount.honesty.com/cgi-bin/showcounterseBay.cgi?site=0"> <img border ="0" src ="http://counters.honesty.com/cgi-bin/honesty-counter.cgi?df=1330552937&amp;hidden=0&amp;site=0&amp;type=0&amp;border=1&amp;style=A" alt ="counter 2">   </a> <br>   <a href ="http://showcount.honesty.com/cgi-bin/showcounterseBay.cgi?site=0"> <font> Free Counters powered by Andale! </font> </a> </center> <form method ="post" action ="http://cgi3.ebay.com/aw-cgi/eBayISAPI.dll"> <input type ="hidden" name ="MfcISAPICommand" value ="UnifiedCheckoutShippingDispatcher">   <input type ="hidden" name ="item" value ="1330552937">   <input type ="hidden" name ="transactionid" value ="0">   <input type ="hidden" name ="quantity" value ="1">   <input type ="hidden" name ="level" value ="1">   <a id ="BID1" name ="BID1"> </a> <table width ="100%" border ="0" cellspacing ="0" cellpadding ="4"> <tr valign ="top"> <td width ="50%"> <table cellspacing ="0" width ="100%" bgcolor ="#CCCCFF" border ="1"> <tr> <td align ="center"> <b> <font face ="Verdana, Arial, Helvetica, sans-serif"> Checkout </font> </b> </td> </tr> </table> <table width ="100%" border ="0" cellspacing ="0" cellpadding ="3"> <tr valign ="top"> <td width ="66%"> <table border ="1" cellspacing ="0" width ="100%"> <tr> <td align ="center"> <font size ="2" face ="Verdana, Arial, Helvetica, sans-serif"> <b> 1/2d.(very blotchy print)BLCK 4 MNT. Harrison </b> <br>   Item # 1330552937 </font> <br>   <img src ="http://pics.ebay.com/aw/pics/common/spacer.gif" width ="1" height ="10">   <table border ="0" cellpadding ="0" cellspacing ="0" width ="90%"> <tr> <td colspan ="2"> <font size ="2" face ="Verdana, Arial, Helvetica, sans-serif"> See Payment Instructions and item description, or contact seller for more information. </font> </td> </tr> </table> <table border ="0" cellpadding ="0" cellspacing ="0" width ="90%"> <tr> <td align ="left"> <img src ="http://pics.ebay.com/aw/pics/common/spacer.gif" width ="1" height ="10">   <br>   <hr noshade ="yes" width ="100%" size ="1">   <font size ="2" face ="Verdana, Arial, Helvetica, sans-serif"> Seller: <a href ="http://cgi3.ebay.com/aw-cgi/ebayISAPI.dll?UnifiedCheckoutSellerUpdateDetails&amp;itemId=1330552937&amp;transId=0"> Create and send an invoice </a> to buyer. <br>   Buyer &amp; Seller: View the most recent <a href ="http://cgi3.ebay.com/aw-cgi/ebayISAPI.dll?UnifiedCheckoutSummary&amp;itemId=1330552937&amp;transId=0"> Payment Details </a> . </font> </td> </tr> </table> <hr noshade ="yes" width ="90%" size ="1">   <table border ="0" cellpadding ="4" cellspacing ="0" width ="90%"> <tr> <td bgcolor ="#EFEFEF" align ="center"> <font size ="2" face ="Verdana, Arial, Helvetica, sans-serif"> <font size ="2" face ="Verdana, Arial, Helvetica, sans-serif"> <b> <a href ="http://contact.ebay.com/aw-cgi/eBayISAPI.dll?ReturnUserEmail&amp;requested=bauhaus22&amp;iid=1330552937&amp;frm=284"> bauhaus22 </a> <a href ="http://cgi2.ebay.com/aw-cgi/eBayISAPI.dll?ViewFeedback&amp;userid=bauhaus22"> (502) </a> <a href ="http://pages.ebay.com/help/basics/g-stars.html"> <img align ="absmiddle" border ="0" alt ="star" height ="25" width ="25" src ="http://pics.ebay.com/aw/pics/stars-8.gif">   </a> </b> is the winner. <br>   To complete this sale, winning bidder may <font face ="Verdana, Arial, Helvetica, sans-serif" size ="-1"> <input type ="submit" value ="Checkout">   </font> </font> </font> </td> </tr> </table> <br>   <center> <table border ="0" cellpadding ="0" cellspacing ="0" width ="80%"> <tr> <td> <font size ="2" face ="Verdana, Arial, Helvetica, sans-serif"> *Note: Both buyer and seller are required to abide by payment terms listed. These terms can only be changed if both parties agree. </font> </td> </tr> </table> </center> </td> </tr> </table> </td> <td> <img src ="http://pics.ebay.com/aw/pics/common/spacer.gif" width ="10" height ="1">   </td> <td width ="33%"> <table border ="1" cellspacing ="0" cellpadding ="0" bgcolor ="#EFEFEF" width ="100%" height ="100%"> <tr> <td valign ="top" height ="100%"> <table border ="0" cellspacing ="0" cellpadding ="1" width ="100%"> <tr> <td valign ="top" colspan ="3"> <div align ="center"> <font face ="Verdana, Arial, Helvetica, sans-serif" color ="#990000" size ="-1"> <b> How Checkout Helps You </b> </font> <br>   <font size ="2"> Checkout lets you pay your seller quickly and easily. </font> </div> </td> </tr> <tr> <td valign ="top" colspan ="3"> <hr size ="1">   </td> </tr> <tr> <td valign ="top"> <font face ="Verdana, Arial, Helvetica, sans-serif" size ="2"> 1. </font> </td> <td valign ="top" width ="83%"> View your payment total or ask your seller for more information </td> <td valign ="top" width ="5%"> </td> </tr> <tr> <td valign ="top"> <font face ="Verdana, Arial, Helvetica, sans-serif" size ="2"> 2. </font> </td> <td valign ="top" width ="83%"> Choose any payment method your seller specifies </td> <td valign ="top" width ="5%"> </td> </tr> <tr> <td valign ="top"> <font face ="Verdana, Arial, Helvetica, sans-serif" size ="2"> 3. </font> </td> <td valign ="top" width ="83%"> Access your <a href ="http://cgi3.ebay.com/aw-cgi/eBayISAPI.dll?UnifiedCheckoutSummary&amp;itemId=1330552937&amp;transId=0"> Checkout summary </a> for payment details. </td> <td valign ="top" width ="5%"> </td> </tr> <tr> <td valign ="top"> </td> <td valign ="top" width ="83%"> <p> <a href ="http://pages.ebay.com/checkout/promo.html"> Learn more </a> <br>   </p> <p> </p> </td> </tr> </table> </td> </tr> </table> </td> </tr> </table> </td> </tr> </table> </form> <br>   <table> <tr> <td> <table> <tr> <td> <center> <font> <b> Top Questions From This Page </b> </font> </center> </td> </tr> <tr> <td> <ul> <li> <a> How do I place a proxy bid? It looks like I can only place a maximum bid. </a> </li> <li> <a> Why doesn't my bid show up? </a> </li> <li> <a> What does "reserve not yet met" mean? </a> </li> <li> <a> How can I change something or cancel my listing completely? </a> </li> </ul> </td> <td> <ul> <li> <a> Why isn't my picture showing up? </a> </li> <li> <a> As a seller, how can I cancel an unwanted bid? </a> </li> <li> <a> Why does my email address appear when I have a User ID? </a> </li> <li> <a> How do I register? </a> </li> <li> <a> What is Half.com? </a> </li> </ul> </td> </tr> </table> </td> </tr> </table> <table> <tr> <td> <br> </br> <hr> </hr> <br> </br> <div> <font> <a> Announcements </a> | <a> Register </a> | <a> SafeHarbor (Rules &amp; Safety) </a> | <a> Feedback Forum </a> | <a> About eBay </a> </font> </div> <br> </br> </td> </tr> <tr> <td> <font> Copyright 1995-2002 eBay Inc. All Rights Reserved. <br> </br> Designated trademarks and brands are the property of their respective owners. <br> </br> Use of this Web site constitutes acceptance of the eBay <a> User Agreement </a> and <a> Privacy Policy </a> . </font> <br> </br> </td> <td> <a> <font> <img> </img> </font> </a> </td> </tr> </table> <br>   <br>  ]]>
</value>
</value>

