<value instanceof="133">
<value instanceof="45">
<![CDATA[ 1330697273]]>
</value>
<value instanceof="46">
<![CDATA[ Feb-11-02 16:53:58]]>
</value>
<value instanceof="47">
<![CDATA[ - #222-3 2/6-5s Seahorse - NICE!! cv$56.50]]>
</value>
<value instanceof="48">
<![CDATA[]]>
</value>
<value instanceof="49">
</value>
<value instanceof="50">
<![CDATA[ #222-3 2/6-5s Seahorse - NICE!! cv$56.50]]>
</value>
<value instanceof="51">
<![CDATA[ 1330697273]]>
</value>
<value instanceof="53">
</value>
<value instanceof="57">
<value instanceof="54">
</value>
</value>
<value instanceof="61">
<![CDATA[ <b> $7.00 </b>]]>
</value>
<value instanceof="65">
<![CDATA[ <b> $7.00 </b>]]>
</value>
<value instanceof="69">
<value instanceof="66">
</value>
</value>
<value instanceof="72">
<![CDATA[ 6 days, 7 hours +]]>
</value>
<value instanceof="74">
</value>
<value instanceof="75">
<![CDATA[ SNS, Box 3140, La Puente CA 91744]]>
</value>
<value instanceof="78">
<value instanceof="76">
</value>
</value>
<value instanceof="79">
<![CDATA[ USA/Los Angeles]]>
</value>
<value instanceof="80">
<![CDATA[ Feb-04-02 16:53:58]]>
</value>
<value instanceof="81">
<![CDATA[ Feb-11-02 16:53:58]]>
</value>
<value instanceof="85">
<value instanceof="83">
</value>
</value>
<value instanceof="86">
<![CDATA[ <a href ="http://contact.ebay.com/aw-cgi/eBayISAPI.dll?ShowCoreAskSellerQuestion&amp;requested=stampnstuff&amp;iid=1330697273&amp;frm=284"> stampnstuff </a> <a href ="http://cgi2.ebay.com/aw-cgi/eBayISAPI.dll?ViewFeedback&amp;userid=stampnstuff"> (5526) </a> <a href ="http://pages.ebay.com/help/basics/g-stars.html"> <img align ="absmiddle" border ="0" alt ="star" height ="25" width ="25" src ="http://pics.ebay.com/aw/pics/stars-10.gif">   </a>]]>
</value>
<value instanceof="87">
<![CDATA[]]>
</value>
<value instanceof="89">
</value>
<value instanceof="90">
<![CDATA[ --]]>
</value>
<value instanceof="91">
<![CDATA[ Money Order/Cashiers Checks. Personal Checks. See item description for payment methods accepted]]>
</value>
<value instanceof="92">
</value>
<value instanceof="95">
<value instanceof="93">
</value>
</value>
<value instanceof="99">
<![CDATA[ Seller ships internationally (worldwide). See item description for shipping charges.]]>
</value>
<value instanceof="103">
<value instanceof="102">
<value instanceof="101">
<![CDATA[ <td> <font> Seller Services </font> </td> <td> <a> <font> Revise item </font> </a> </td>]]>
</value>
</value>
</value>
<value instanceof="106">
<value instanceof="104">
</value>
</value>
<value instanceof="109">
<value instanceof="107">
</value>
</value>
<value instanceof="132">
<![CDATA[ <table align ="center" cellpadding ="8" border ="5" cellspacing ="0" bgcolor ="008080"> <tr> <td align ="center" width ='1%'> <br>   <br>   <a href ="http://www.urbanretreats.com/ebay2/T1221.jpg"> <img border ="0" align ="top" hspace ="5" src ="http://www.urbanretreats.com/ebay2/T1221.jpg">   </a> </td> </tr> <tr> <td valign ="top" align ="center"> <center> <p> <font face ="Arial" color ="#FFFF00" size ="3"> <b> <font size ="4"> <b> Nice and no faults </b> </font> </b> </font> </p> <hr>   <font face ="Arial" color ="#FFFF00" size ="3"> <b> <br>   No hidden reserve - just a reasonable starting bid. </b> </font> <p> <font face ="Arial" color ="#FFFF00" size ="3"> We DO NOT accept Paypal. </font> </p> <center> <font face ="Arial" color ="#FFFF00" size ="3"> 7-day return privilege. <i> Satisfaction Guaranteed! </i> </font> <center> <font face ="Arial" color ="#FFFF00" size ="3"> <img src ="http://www.urbanretreats.com/flag_usa.gif">   <b> Member: </b> <img src ="http://www.urbanretreats.com/apslogo.gif">   </font> <center> <font face ="Arial" color ="#FFFF00" size ="3"> <b> American Philatelic Society - US Philatelic Classics Society </b> </font> </center> <hr>   <br>   <b> Shipping Information: </b> <br>   <b> Shipping is $1.00 for the first lot shipped and then 50c for each additional lot for Domestic shipping. Canada and Mexico add 50c ALL OVERSEAS BUYERS PAY DOUBLE THIS AMOUNT AS POSTAGE VIA OVERSEAS AIRMAIL IS 80c PER OUNCE INSTEAD OF 34c. </b> <center> <p> <b> NOTE: heavier stuff (like books and dealers stocks) ARE NOT 50c each additional lot - they will be the amount shown on the listing - SO DONT EXPECT A BOOK TO COST 50c MORE - IT WILL BE WHAT EVER POSTAGE IS, <br>   </b> </p> <p> <b> STAMP N STUFF </b> </p> <p> <b> Were the Rock Bottom before Recovery </b> </p> <table border ="2" bgcolor ="#B0B0C0"> <tr> <td> <b> Send payment and Lot #s to: </b> </td> <td> <b> Stampnstuff <br>   P. O. Box 3140 <br>   La Puente, CA 91744-0140 </b> </td> </tr> </table> <p> <b> PLEASE CHECK OUT OUR </b> <a href ="http://cgi.ebay.com/aw-cgi/eBayISAPI.dll?MfcISAPICommand=ViewListedItems&amp;userid=stampnstuff&amp;include=0&amp;since=-1&amp;sort=2"> OTHER CURRENT EBAY AUCTIONS </a> <b> TOO! </b> </p> </center> <br>   </center> </center> </center> </td> </tr> </table> <br>   <center> <a href ="http://pages.ebay.com/sellers_assistant/" target ='_blank'> <img border ='0' align ="top" src ="http://pics.ebay.com/aw/pics/viewitem/viewItemLogo_88x33.gif">   </a> </center> <center> <small> Created by <a href ="http://pages.ebay.com/sellers_assistant/" target ="_blank"> eBay Seller's Assistant Pro </a> </small> </center> <hr>   <samp> On Feb-05-02 at 04:28:43 PST, seller added the following information: </samp> <p> <br>   </p> <center> <img src ="http://seals.squaretrade.com/cE034/776729636.gif" alt ="Building Trust in Transactions (tm)" border ="0">   <br>   <a href ="http://seals.squaretrade.com/cET034/776729636.map" target ="_blank"> <img ismap ="ismap" src ="http://seals.squaretrade.com/cET034/776729636.gif" alt ="Building Trust in Transactions (tm)" border ="0">   </a> <br>   <font face ="verdana" size ="1" color ="#ffffff"> SquareTrade AP6.0 </font> </center> <br>   <br>   <br>   <hr>   <img src ="http://www.blackthornesw.com/pba.gif">   <br>   <table width ="100%" border ="0" cellspacing ="0" cellpadding ="4"> <tr valign ="top"> <td> <table> <tr> <td> <b> <font> Payment Details </font> </b> </td> </tr> </table> <table> <tr> <td> <font> See item description and Payment Instructions, or contact seller for more information. </font> </td> </tr> </table> </td> <td> <table> <tr> <td> <b> <font> Payment Instructions </font> </b> </td> </tr> </table> <font> See item description or contact seller for more information. </font> </td> </tr> </table> <a id ="BID1" name ="BID1"> </a> <center> <table> <tr> <td> <font> <b> Bidding </b> </font> </td> </tr> </table> </center> <br> </br> <table> <tr> <td> <table> <tr> <td> <form> <input> </input> <input> </input> <table> <tr> <td> <table> <tr> <td> <center> <font> #222-3 2/6-5s Seahorse - NICE!! cv$56.50 </font> <br> </br> <font> Item # 1330697273 </font> </center> </td> </tr> <tr> <td> </td> <td> <font> Opening bid </font> </td> <td> </td> <td> <font> $7.00 </font> </td> <td> </td> </tr> <tr> <td> </td> <td> <font> <b> Your maximum bid: </b> </font> </td> <td> </td> <td> <input> </input> </td> <td> </td> </tr> <tr> <td> </td> <td> <font> <i> (Minimum bid: $7.00 ) </i> </font> </td> <td> </td> </tr> <tr> <td> <input> </input> </td> <td> </td> </tr> </table> </td> </tr> <tr> <td> <p> <font> eBay will bid incrementally on your behalf <b> up to your maximum bid </b> , which is kept secret from other eBay users. The eBay term for this is <a> proxy bidding </a> . </font> </p> <br> </br> </td> </tr> <tr> <td> <font> <b> Your bid is a contract </b> - Place a bid only if you're serious about buying the item. If you are the winning bidder, you will enter into a legally binding contract to purchase the item from the seller. </font> </td> </tr> </table> </form> </td> </tr> </table> </td> <td> </td> <td> <table> <tr> <td> <table> <tr> <td> </td> <td> <center> <font> <b> How to Bid </b> </font> <img> </img> </center> </td> <td> </td> </tr> <tr> <td> </td> <td> <font> 1. </font> </td> <td> <font> <a> Register to bid </a> - if you haven't already. It's free! </font> </td> <td> </td> </tr> <tr> <td> </td> <td> <font> 2. </font> </td> <td> <font> <a> Learn about this seller </a> - read feedback comments left by others. </font> </td> <td> </td> </tr> <tr> <td> </td> <td> <font> 3. </font> </td> <td> <font> <a> Know the details </a> - read the item description and payment &amp; shipping terms closely. </font> </td> <td> </td> </tr> <tr> <td> </td> <td> <font> 4. </font> </td> <td> <font> If you have questions - contact the seller <a> stampnstuff </a> <i> before </i> you bid. </font> </td> <td> </td> </tr> <tr> <td> </td> <td> <font> 5. </font> </td> <td> <font> Place your bid! </font> </td> <td> </td> </tr> <tr> <td> </td> <td> <center> <font> <b> eBay purchases are <a> insured </a> . </b> </font> </center> </td> <td> </td> </tr> <tr> <td> </td> </tr> </table> </td> </tr> </table> </td> </tr> </table> <br>   <table> <tr> <td> <table> <tr> <td> <center> <font> <b> Top Questions From This Page </b> </font> </center> </td> </tr> <tr> <td> <ul> <li> <a> How do I place a proxy bid? It looks like I can only place a maximum bid. </a> </li> <li> <a> Why doesn't my bid show up? </a> </li> <li> <a> What does "reserve not yet met" mean? </a> </li> <li> <a> How can I change something or cancel my listing completely? </a> </li> </ul> </td> <td> <ul> <li> <a> Why isn't my picture showing up? </a> </li> <li> <a> As a seller, how can I cancel an unwanted bid? </a> </li> <li> <a> Why does my email address appear when I have a User ID? </a> </li> <li> <a> How do I register? </a> </li> <li> <a> What is Half.com? </a> </li> </ul> </td> </tr> </table> </td> </tr> </table> <table> <tr> <td> <br> </br> <hr> </hr> <br> </br> <div> <font> <a> Announcements </a> | <a> Register </a> | <a> SafeHarbor (Rules &amp; Safety) </a> | <a> Feedback Forum </a> | <a> About eBay </a> </font> </div> <br> </br> </td> </tr> <tr> <td> <font> Copyright 1995-2002 eBay Inc. All Rights Reserved. <br> </br> Designated trademarks and brands are the property of their respective owners. <br> </br> Use of this Web site constitutes acceptance of the eBay <a> User Agreement </a> and <a> Privacy Policy </a> . </font> <br> </br> </td> <td> <a> <font> <img> </img> </font> </a> </td> </tr> </table> <br>   <br>  ]]>
</value>
</value>

