<template schema="15">
<start-string context="3">
<![CDATA[#SD#
<html>
<head>
<title>
]]>
</start-string>
<start-string context="0">
<![CDATA[Alternative--indie---punk
]]>
</start-string>
<start-string context="1">
<![CDATA[Jazz
]]>
</start-string>
<start-string context="2">
<![CDATA[Blues
]]>
</start-string>
<start-string context="4">
<![CDATA[Artists:
]]>
</start-string>
<start-string context="9">
<![CDATA[</title>
</head>
<body>
<a>
</a>
<table>
<tr>
<td>
<center>
<table>
<tr>
<td>
<img>
</img>
</td>
<td>
<img>
</img>
</td>
</tr>
<tr>
<td>
<table>
<tr>
<td>
<img>
</img>
</td>
<td>
<img>
</img>
</td>
</tr>
<tr>
<td>
<img>
</img>
</td>
<td>
<nobr>
<a>
<img>
</img>
</a>
<a>
<img>
</img>
</a>
<a>
<img>
</img>
</a>
<a>
<img>
</img>
</a>
<a>
<img>
</img>
</a>
</nobr>
</td>
</tr>
</table>
</td>
</tr>
</table>
</center>
</td>
</tr>
<tr>
<td>
<img>
</img>
</td>
</tr>
<tr>
<td>
<table>
<tr>
<form>
<td>
<font>
<b>
</b>
Search:
<select>
<option>
</option>
Popular
Music
<option>
</option>
-
Artist
Name
<option>
</option>
-
Album
Title
<option>
</option>
-
Song
Title
<option>
</option>
Classical
Music
<option>
</option>
All
Products
</select>
<input>
</input>
</font>
<input>
</input>
</td>
</form>
<form>
<td>
<font>
<b>
Browse:
<select>
<option>
</option>
All
Styles
<option>
</option>
Gift
Ideas
For
Music
Lovers
<option>
</option>
Holiday
Music
<option>
</option>
Alternative
<option>
</option>
Bargain
Music
<option>
</option>
Blues
<option>
</option>
Box
Sets
<option>
</option>
Children&#39;s
Music
<option>
</option>
Christian
&amp;
Gospel
<option>
</option>
Classical
<option>
</option>
Country
<option>
</option>
Dance
&
DJ
<option>
</option>
Emerging
Artists
<option>
</option>
Folk
<option>
</option>
International
<option>
</option>
Jazz
<option>
</option>
Latin
<option>
</option>
Miscellaneous
<option>
</option>
Music
Accessories
<option>
</option>
New
Age
<option>
</option>
Opera
&amp;
Vocal
<option>
</option>
Pop
<option>
</option>
Rap
&
Hip-Hop
<option>
</option>
R
&
B
<option>
</option>
Rock
<option>
</option>
Soundtracks
<option>
</option>
Top
Sellers
<option>
</option>
Vocalists
&
B&#39;way
</select>
</b>
</font>
<input>
</input>
</td>
</form>
</tr>
</table>
</td>
</tr>
</table>
<map>
<area>
</area>
<area>
</area>
<area>
</area>
<area>
</area>
</map>
<map>
<area>
</area>
<area>
</area>
<area>
</area>
<area>
</area>
</map>
<map>
<area>
</area>
<area>
</area>
<area>
</area>
<area>
</area>
<area>
</area>
<area>
</area>
<area>
</area>
<area>
</area>
</map>
<table>
<tr>
<td>
</td>
<form>
<table>
</table>
<tr>
</tr>
<td>
<font>
<b>
Keyword
Search
</b>
<br>
</br>
<select>
<option>
</option>
Popular
Music
<option>
</option>
Classical
Music
<option>
</option>
All
Products
</select>
</font>
<br>
</br>
<input>
</input>
<input>
</input>
<input>
</input>
<br>
</br>
</td>
</form>
</tr>
<tr>
<br>
</br>
<font>
Full
search:
<a>
Books
</a>
,
<a>
Music
</a>
,
<a>
Video
</a>
,
<a>
Toys
</a>
or
<a>
Electronics
</a>
</font>
</tr>
</table>
<td>
<a>
<img>
</img>
</a>
<br>
</br>
<p>
</p>
<h3>
]]>
</start-string>
<start-string context="6">
<![CDATA[Jazz
]]>
</start-string>
<start-string context="7">
<![CDATA[Blues
]]>
</start-string>
<start-string context="8">
<![CDATA[Alternative,
Indie
&
Punk
]]>
</start-string>
<start-string context="10">
<![CDATA[Artists:
]]>
</start-string>
<start-string context="13">
<![CDATA[</h3>
]]>
</start-string>
<end-string context="13">
<![CDATA[</td>
<center>
<br>
</br>
<table>
<tr>
<td>
<table>
<tr>
<td>
<font>
<b>
Where's
My
Stuff?
</b>
<br>
</br>
&#149;
Track
your
<a>
recent
orders
</a>
.
<br>
</br>
&#149;
View
or
change
your
orders
in
<a>
Your
Account
</a>
.
</font>
</td>
<td>
<font>
<b>
Shipping
&amp;
Returns
</b>
<br>
</br>
&#149;
See
our
<a>
shipping
rates
&amp;
policies
</a>
.
<br>
</br>
&#149;
<a>
Return
</a>
an
item
(here's
our
<a>
Returns
Policy
</a>
).
</font>
</td>
<td>
<font>
<b>
Gifts
&amp;
Gift
Certificates
</b>
<br>
</br>
&#149;
<a>
Holiday
ordering
deadlines
</a>
.
<br>
</br>
&#149;
<a>
Redeem
</a>
or
<a>
buy
</a>
gift
certificates.
<br>
</br>
</font>
</td>
</tr>
<tr>
<td>
<center>
<font>
Still
have
a
question?
<a>
Visit
our
Help
department
</a>
.
</font>
</center>
</td>
</tr>
</table>
</td>
</tr>
</table>
</center>
<table>
<tr>
<td>
<font>
<a>
Text
Only
</a>
</font>
</td>
</tr>
</table>
<center>
<font>
<a>
Amazon.com
Home
</a>
&nbsp;|&nbsp;
<a>
Books
</a>
&nbsp;|&nbsp;
<a>
Music
</a>
&nbsp;|&nbsp;
<a>
DVD
</a>
&nbsp;|&nbsp;
<a>
Video
</a>
&nbsp;|&nbsp;
<a>
Toys
&
Games
</a>
&nbsp;|&nbsp;
<a>
Electronics
</a>
&nbsp;|&nbsp;
<a>
Camera
&
Photo
</a>
&nbsp;|&nbsp;
<a>
Software
</a>
&nbsp;|&nbsp;
<a>
Computer
&
Video
Games
</a>
&nbsp;|&nbsp;
<a>
New
Cars
</a>
&nbsp;|&nbsp;
<a>
Kitchen
</a>
&nbsp;|&nbsp;
<a>
Tools
&amp;
Hardware
</a>
&nbsp;|&nbsp;
<a>
Lawn
&
Patio
</a>
&nbsp;|&nbsp;
<a>
Health
&
Beauty
</a>
&nbsp;|&nbsp;
<a>
Auctions
</a>
&nbsp;|&nbsp;
<a>
zShops
</a>
&nbsp;|&nbsp;
<a>
e-Cards
</a>
&nbsp;|&nbsp;
<a>
1-Click
Settings
</a>
<br>
</br>
<a>
Shopping
Cart
</a>
&nbsp;|&nbsp;
<a>
Your
Account
</a>
&nbsp;|&nbsp;
<a>
Help
</a>
&nbsp;|&nbsp;
<a>
Sell
Items
</a>
<p>
</p>
<font>
<a>
Music
Search
</a>
&nbsp;|&nbsp;
<a>
Browse
Styles
</a>
&nbsp;|&nbsp;
<a>
Classical
</a>
&nbsp;|&nbsp;
<a>
Top
Sellers
</a>
&nbsp;|&nbsp;
<a>
New
&amp;
Future
Releases
</a>
&nbsp;|&nbsp;
<a>
Free
Downloads
</a>
&nbsp;|&nbsp;
<a>
Recommendation
Center
</a>
&nbsp;|&nbsp;
<a>
Gift
Ideas
</a>
</font>
</font>
</center>
<font>
<br>
</br>
<center>
</center>
<a>
Amazon.co.uk
</a>
&nbsp;|&nbsp;
<a>
Amazon.de
</a>
<p>
</p>
<br>
</br>
<font>
<a>
Legal
Notices
</a>
&copy;
1996-2000
Amazon.com,
Inc.
</font>
</font>
</body>
</html>
]]>
</end-string>
<start-string context="11">
<![CDATA[<a>
]]>
</start-string>
<end-string context="11">
<![CDATA[</a>
<br>
</br>
]]>
</end-string>
</template>

