<value instanceof="16">
<value instanceof="0">
<![CDATA[ M]]>
</value>
<value instanceof="1">
<![CDATA[ M]]>
</value>
<value instanceof="12">
<value instanceof="11">
<value instanceof="2">
<![CDATA[ 47]]>
</value>
<value instanceof="3">
<![CDATA[ Mabry, John]]>
</value>
<value instanceof="9">
<![CDATA[ Seattle Mariners]]>
</value>
<value instanceof="10">
<![CDATA[ Third Baseman]]>
</value>
</value>
<value instanceof="11">
<value instanceof="2">
<![CDATA[ 39]]>
</value>
<value instanceof="3">
<![CDATA[ Macias, Jose]]>
</value>
<value instanceof="9">
<![CDATA[ Detroit Tigers]]>
</value>
<value instanceof="10">
<![CDATA[ Second Baseman]]>
</value>
</value>
<value instanceof="11">
<value instanceof="2">
<![CDATA[ 31]]>
</value>
<value instanceof="3">
<![CDATA[ Maddux, Greg]]>
</value>
<value instanceof="9">
<![CDATA[ Atlanta Braves]]>
</value>
<value instanceof="10">
<![CDATA[ Starting Pitcher]]>
</value>
</value>
<value instanceof="11">
<value instanceof="2">
<![CDATA[ 12]]>
</value>
<value instanceof="3">
<![CDATA[ Maduro, Calvin (DL)]]>
</value>
<value instanceof="9">
<![CDATA[ Baltimore Orioles]]>
</value>
<value instanceof="10">
<![CDATA[ Relief Pitcher]]>
</value>
</value>
<value instanceof="11">
<value instanceof="2">
<![CDATA[ 12]]>
</value>
<value instanceof="3">
<![CDATA[ Magadan, Dave]]>
</value>
<value instanceof="9">
<![CDATA[ San Diego Padres]]>
</value>
<value instanceof="10">
<![CDATA[ First Baseman]]>
</value>
</value>
<value instanceof="11">
<value instanceof="2">
<![CDATA[ 29]]>
</value>
<value instanceof="3">
<![CDATA[ Magee, Wendell]]>
</value>
<value instanceof="9">
<![CDATA[ Detroit Tigers]]>
</value>
<value instanceof="10">
<![CDATA[ Right Fielder]]>
</value>
</value>
<value instanceof="11">
<value instanceof="2">
<![CDATA[ 52]]>
</value>
<value instanceof="3">
<![CDATA[ Magnante, Mike]]>
</value>
<value instanceof="9">
<![CDATA[ Oakland Athletics]]>
</value>
<value instanceof="10">
<![CDATA[ Relief Pitcher]]>
</value>
</value>
<value instanceof="11">
<value instanceof="2">
<![CDATA[ 47]]>
</value>
<value instanceof="3">
<![CDATA[ Mahay, Ron]]>
</value>
<value instanceof="9">
<![CDATA[ Florida Marlins]]>
</value>
<value instanceof="10">
<![CDATA[ Relief Pitcher]]>
</value>
</value>
<value instanceof="11">
<value instanceof="2">
<![CDATA[ 23]]>
</value>
<value instanceof="3">
<![CDATA[ Mahomes, Pat]]>
</value>
<value instanceof="9">
<![CDATA[ New York Mets]]>
</value>
<value instanceof="10">
<![CDATA[ Relief Pitcher]]>
</value>
</value>
<value instanceof="11">
<value instanceof="2">
<![CDATA[ 62]]>
</value>
<value instanceof="3">
<![CDATA[ Malloy, Marty]]>
</value>
<value instanceof="9">
<![CDATA[ Detroit Tigers]]>
</value>
<value instanceof="10">
<![CDATA[ Second Baseman]]>
</value>
</value>
<value instanceof="11">
<value instanceof="2">
<![CDATA[ 66]]>
</value>
<value instanceof="3">
<![CDATA[ Maloney, Sean]]>
</value>
<value instanceof="9">
<![CDATA[ Baltimore Orioles]]>
</value>
<value instanceof="10">
<![CDATA[ Relief Pitcher]]>
</value>
</value>
<value instanceof="11">
<value instanceof="2">
<![CDATA[ 31]]>
</value>
<value instanceof="3">
<![CDATA[ Mantei, Matt]]>
</value>
<value instanceof="9">
<![CDATA[ Arizona Diamondbacks]]>
</value>
<value instanceof="10">
<![CDATA[ Relief Pitcher]]>
</value>
</value>
<value instanceof="11">
<value instanceof="2">
<![CDATA[ 49]]>
</value>
<value instanceof="3">
<![CDATA[ Manzanillo, Josias]]>
</value>
<value instanceof="9">
<![CDATA[ Pittsburgh Pirates]]>
</value>
<value instanceof="10">
<![CDATA[ Relief Pitcher]]>
</value>
</value>
<value instanceof="11">
<value instanceof="2">
<![CDATA[ 51]]>
</value>
<value instanceof="3">
<![CDATA[ Marquis, Jason]]>
</value>
<value instanceof="9">
<![CDATA[ Atlanta Braves]]>
</value>
<value instanceof="10">
<![CDATA[ Relief Pitcher]]>
</value>
</value>
<value instanceof="11">
<value instanceof="2">
<![CDATA[ 26]]>
</value>
<value instanceof="3">
<![CDATA[ Marrero, Eli (DL)]]>
</value>
<value instanceof="9">
<![CDATA[ St. Louis Cardinals]]>
</value>
<value instanceof="10">
<![CDATA[ Catcher]]>
</value>
</value>
<value instanceof="11">
<value instanceof="2">
<![CDATA[ 20]]>
</value>
<value instanceof="3">
<![CDATA[ Martin, Al]]>
</value>
<value instanceof="9">
<![CDATA[ San Diego Padres]]>
</value>
<value instanceof="10">
<![CDATA[ Left Fielder]]>
</value>
</value>
<value instanceof="11">
<value instanceof="2">
<![CDATA[ 1]]>
</value>
<value instanceof="3">
<![CDATA[ Martinez, Dave]]>
</value>
<value instanceof="9">
<![CDATA[ Texas Rangers]]>
</value>
<value instanceof="10">
<![CDATA[ Right Fielder]]>
</value>
</value>
<value instanceof="11">
<value instanceof="2">
<![CDATA[ 11]]>
</value>
<value instanceof="3">
<![CDATA[ Martinez, Edgar]]>
</value>
<value instanceof="9">
<![CDATA[ Seattle Mariners]]>
</value>
<value instanceof="10">
<![CDATA[ Designated Hitter]]>
</value>
</value>
<value instanceof="11">
<value instanceof="2">
<![CDATA[ 16]]>
</value>
<value instanceof="3">
<![CDATA[ Martinez, Felix]]>
</value>
<value instanceof="9">
<![CDATA[ Tampa Bay Devil Rays]]>
</value>
<value instanceof="10">
<![CDATA[ Short Stop]]>
</value>
</value>
<value instanceof="11">
<value instanceof="2">
<![CDATA[ 63]]>
</value>
<value instanceof="3">
<![CDATA[ Martinez, Greg]]>
</value>
<value instanceof="9">
<![CDATA[ Oakland Athletics]]>
</value>
<value instanceof="10">
<![CDATA[ Left Fielder]]>
</value>
</value>
<value instanceof="11">
<value instanceof="2">
<![CDATA[ 45]]>
</value>
<value instanceof="3">
<![CDATA[ Martinez, Pedro]]>
</value>
<value instanceof="9">
<![CDATA[ Boston Red Sox]]>
</value>
<value instanceof="10">
<![CDATA[ Starting Pitcher]]>
</value>
</value>
<value instanceof="11">
<value instanceof="2">
<![CDATA[ 34]]>
</value>
<value instanceof="3">
<![CDATA[ Martinez, Ramon E.]]>
</value>
<value instanceof="9">
<![CDATA[ San Francisco Giants]]>
</value>
<value instanceof="10">
<![CDATA[ Short Stop]]>
</value>
</value>
<value instanceof="11">
<value instanceof="2">
<![CDATA[ 48]]>
</value>
<value instanceof="3">
<![CDATA[ Martinez, Ramon J.]]>
</value>
<value instanceof="9">
<![CDATA[ Boston Red Sox]]>
</value>
<value instanceof="10">
<![CDATA[ Starting Pitcher]]>
</value>
</value>
<value instanceof="11">
<value instanceof="2">
<![CDATA[ 24]]>
</value>
<value instanceof="3">
<![CDATA[ Martinez, Tino]]>
</value>
<value instanceof="9">
<![CDATA[ New York Yankees]]>
</value>
<value instanceof="10">
<![CDATA[ First Baseman]]>
</value>
</value>
<value instanceof="11">
<value instanceof="2">
<![CDATA[ 36]]>
</value>
<value instanceof="3">
<![CDATA[ Martin, Tom (DL)]]>
</value>
<value instanceof="9">
<![CDATA[ Cleveland Indians]]>
</value>
<value instanceof="10">
<![CDATA[ Relief Pitcher]]>
</value>
</value>
<value instanceof="11">
<value instanceof="2">
<![CDATA[ 17]]>
</value>
<value instanceof="3">
<![CDATA[ Marzano, John]]>
</value>
<value instanceof="9">
<![CDATA[ Tampa Bay Devil Rays]]>
</value>
<value instanceof="10">
<![CDATA[ Catcher]]>
</value>
</value>
<value instanceof="11">
<value instanceof="2">
<![CDATA[ 40]]>
</value>
<value instanceof="3">
<![CDATA[ Masaoka, Onan]]>
</value>
<value instanceof="9">
<![CDATA[ Los Angeles Dodgers]]>
</value>
<value instanceof="10">
<![CDATA[ Relief Pitcher]]>
</value>
</value>
<value instanceof="11">
<value instanceof="2">
<![CDATA[ 21]]>
</value>
<value instanceof="3">
<![CDATA[ Mateo, Ruben (DL)]]>
</value>
<value instanceof="9">
<![CDATA[ Texas Rangers]]>
</value>
<value instanceof="10">
<![CDATA[ Center Fielder]]>
</value>
</value>
<value instanceof="11">
<value instanceof="2">
<![CDATA[ 22]]>
</value>
<value instanceof="3">
<![CDATA[ Matheny, Mike]]>
</value>
<value instanceof="9">
<![CDATA[ St. Louis Cardinals]]>
</value>
<value instanceof="10">
<![CDATA[ Catcher]]>
</value>
</value>
<value instanceof="11">
<value instanceof="2">
<![CDATA[ 33]]>
</value>
<value instanceof="3">
<![CDATA[ Mathews, T.J.]]>
</value>
<value instanceof="9">
<![CDATA[ Oakland Athletics]]>
</value>
<value instanceof="10">
<![CDATA[ Relief Pitcher]]>
</value>
</value>
<value instanceof="11">
<value instanceof="2">
<![CDATA[ 32]]>
</value>
<value instanceof="3">
<![CDATA[ Matos, Luis]]>
</value>
<value instanceof="9">
<![CDATA[ Baltimore Orioles]]>
</value>
<value instanceof="10">
<![CDATA[ Right Fielder]]>
</value>
</value>
<value instanceof="11">
<value instanceof="2">
<![CDATA[ 51]]>
</value>
<value instanceof="3">
<![CDATA[ Matthews, Gary]]>
</value>
<value instanceof="9">
<![CDATA[ Chicago Cubs]]>
</value>
<value instanceof="10">
<![CDATA[ Left Fielder]]>
</value>
</value>
<value instanceof="11">
<value instanceof="2">
<![CDATA[ 50]]>
</value>
<value instanceof="3">
<![CDATA[ Matthews, Mike (DL)]]>
</value>
<value instanceof="9">
<![CDATA[ St. Louis Cardinals]]>
</value>
<value instanceof="10">
<![CDATA[ Relief Pitcher]]>
</value>
</value>
<value instanceof="11">
<value instanceof="2">
<![CDATA[ 54]]>
</value>
<value instanceof="3">
<![CDATA[ Maurer, Dave]]>
</value>
<value instanceof="9">
<![CDATA[ San Diego Padres]]>
</value>
<value instanceof="10">
<![CDATA[ Relief Pitcher]]>
</value>
</value>
<value instanceof="11">
<value instanceof="2">
<![CDATA[ 9]]>
</value>
<value instanceof="3">
<![CDATA[ Maxwell, Jason]]>
</value>
<value instanceof="9">
<![CDATA[ Minnesota Twins]]>
</value>
<value instanceof="10">
<![CDATA[ Second Baseman]]>
</value>
</value>
<value instanceof="11">
<value instanceof="2">
<![CDATA[ 8]]>
</value>
<value instanceof="3">
<![CDATA[ Mayne, Brent]]>
</value>
<value instanceof="9">
<![CDATA[ Colorado Rockies]]>
</value>
<value instanceof="10">
<![CDATA[ Catcher]]>
</value>
</value>
<value instanceof="11">
<value instanceof="2">
<![CDATA[ 53]]>
</value>
<value instanceof="3">
<![CDATA[ Mays, Joe]]>
</value>
<value instanceof="9">
<![CDATA[ Minnesota Twins]]>
</value>
<value instanceof="10">
<![CDATA[ Starting Pitcher]]>
</value>
</value>
<value instanceof="11">
<value instanceof="2">
<![CDATA[ 6]]>
</value>
<value instanceof="3">
<![CDATA[ McCarty, David]]>
</value>
<value instanceof="9">
<![CDATA[ Kansas City Royals]]>
</value>
<value instanceof="10">
<![CDATA[ First Baseman]]>
</value>
</value>
<value instanceof="11">
<value instanceof="2">
<![CDATA[ 47]]>
</value>
<value instanceof="3">
<![CDATA[ McElroy, Chuck]]>
</value>
<value instanceof="9">
<![CDATA[ Baltimore Orioles]]>
</value>
<value instanceof="10">
<![CDATA[ Relief Pitcher]]>
</value>
</value>
<value instanceof="11">
<value instanceof="2">
<![CDATA[ 47]]>
</value>
<value instanceof="3">
<![CDATA[ McEwing, Joe]]>
</value>
<value instanceof="9">
<![CDATA[ New York Mets]]>
</value>
<value instanceof="10">
<![CDATA[ Left Fielder]]>
</value>
</value>
<value instanceof="11">
<value instanceof="2">
<![CDATA[ 30]]>
</value>
<value instanceof="3">
<![CDATA[ McGlinchy, Kevin (DL)]]>
</value>
<value instanceof="9">
<![CDATA[ Atlanta Braves]]>
</value>
<value instanceof="10">
<![CDATA[ Relief Pitcher]]>
</value>
</value>
<value instanceof="11">
<value instanceof="2">
<![CDATA[ 29]]>
</value>
<value instanceof="3">
<![CDATA[ McGriff, Fred]]>
</value>
<value instanceof="9">
<![CDATA[ Tampa Bay Devil Rays]]>
</value>
<value instanceof="10">
<![CDATA[ First Baseman]]>
</value>
</value>
<value instanceof="11">
<value instanceof="2">
<![CDATA[ 25]]>
</value>
<value instanceof="3">
<![CDATA[ McGwire, Mark (DL)]]>
</value>
<value instanceof="9">
<![CDATA[ St. Louis Cardinals]]>
</value>
<value instanceof="10">
<![CDATA[ First Baseman]]>
</value>
</value>
<value instanceof="11">
<value instanceof="2">
<![CDATA[ &nbsp;]]>
</value>
<value instanceof="3">
<![CDATA[ McKeel, Walt]]>
</value>
<value instanceof="9">
<![CDATA[ Colorado Rockies]]>
</value>
<value instanceof="10">
<![CDATA[ Catcher]]>
</value>
</value>
<value instanceof="11">
<value instanceof="2">
<![CDATA[ 4]]>
</value>
<value instanceof="3">
<![CDATA[ McLemore, Mark]]>
</value>
<value instanceof="9">
<![CDATA[ Seattle Mariners]]>
</value>
<value instanceof="10">
<![CDATA[ Second Baseman]]>
</value>
</value>
<value instanceof="11">
<value instanceof="2">
<![CDATA[ 38]]>
</value>
<value instanceof="3">
<![CDATA[ McMichael, Greg (DL)]]>
</value>
<value instanceof="9">
<![CDATA[ Atlanta Braves]]>
</value>
<value instanceof="10">
<![CDATA[ Relief Pitcher]]>
</value>
</value>
<value instanceof="11">
<value instanceof="2">
<![CDATA[ 74]]>
</value>
<value instanceof="3">
<![CDATA[ McMillon, Billy]]>
</value>
<value instanceof="9">
<![CDATA[ Detroit Tigers]]>
</value>
<value instanceof="10">
<![CDATA[ Left Fielder]]>
</value>
</value>
<value instanceof="11">
<value instanceof="2">
<![CDATA[ 38]]>
</value>
<value instanceof="3">
<![CDATA[ Meacham, Rusty]]>
</value>
<value instanceof="9">
<![CDATA[ Houston Astros]]>
</value>
<value instanceof="10">
<![CDATA[ Relief Pitcher]]>
</value>
</value>
<value instanceof="11">
<value instanceof="2">
<![CDATA[ 34]]>
</value>
<value instanceof="3">
<![CDATA[ Meadows, Brian]]>
</value>
<value instanceof="9">
<![CDATA[ San Diego Padres]]>
</value>
<value instanceof="10">
<![CDATA[ Starting Pitcher]]>
</value>
</value>
<value instanceof="11">
<value instanceof="2">
<![CDATA[ 2]]>
</value>
<value instanceof="3">
<![CDATA[ Meares, Pat]]>
</value>
<value instanceof="9">
<![CDATA[ Pittsburgh Pirates]]>
</value>
<value instanceof="10">
<![CDATA[ Short Stop]]>
</value>
</value>
<value instanceof="11">
<value instanceof="2">
<![CDATA[ 45]]>
</value>
<value instanceof="3">
<![CDATA[ Mecir, Jim]]>
</value>
<value instanceof="9">
<![CDATA[ Tampa Bay Devil Rays]]>
</value>
<value instanceof="10">
<![CDATA[ Relief Pitcher]]>
</value>
</value>
<value instanceof="11">
<value instanceof="2">
<![CDATA[ 21]]>
</value>
<value instanceof="3">
<![CDATA[ Meluskey, Mitch]]>
</value>
<value instanceof="9">
<![CDATA[ Houston Astros]]>
</value>
<value instanceof="10">
<![CDATA[ Catcher]]>
</value>
</value>
<value instanceof="11">
<value instanceof="2">
<![CDATA[ 55]]>
</value>
<value instanceof="3">
<![CDATA[ Mendoza, Ramiro (DL)]]>
</value>
<value instanceof="9">
<![CDATA[ New York Yankees]]>
</value>
<value instanceof="10">
<![CDATA[ Starting Pitcher]]>
</value>
</value>
<value instanceof="11">
<value instanceof="2">
<![CDATA[ 11]]>
</value>
<value instanceof="3">
<![CDATA[ Menechino, Frank]]>
</value>
<value instanceof="9">
<![CDATA[ Oakland Athletics]]>
</value>
<value instanceof="10">
<![CDATA[ Second Baseman]]>
</value>
</value>
<value instanceof="11">
<value instanceof="2">
<![CDATA[ 59]]>
</value>
<value instanceof="3">
<![CDATA[ Mercedes, Henry]]>
</value>
<value instanceof="9">
<![CDATA[ St. Louis Cardinals]]>
</value>
<value instanceof="10">
<![CDATA[ Catcher]]>
</value>
</value>
<value instanceof="11">
<value instanceof="2">
<![CDATA[ 31]]>
</value>
<value instanceof="3">
<![CDATA[ Mercedes, Jose]]>
</value>
<value instanceof="9">
<![CDATA[ Baltimore Orioles]]>
</value>
<value instanceof="10">
<![CDATA[ Relief Pitcher]]>
</value>
</value>
<value instanceof="11">
<value instanceof="2">
<![CDATA[ 47]]>
</value>
<value instanceof="3">
<![CDATA[ Mercker, Kent (DL)]]>
</value>
<value instanceof="9">
<![CDATA[ Anaheim Angels]]>
</value>
<value instanceof="10">
<![CDATA[ Relief Pitcher]]>
</value>
</value>
<value instanceof="11">
<value instanceof="2">
<![CDATA[ 49]]>
</value>
<value instanceof="3">
<![CDATA[ Mesa, Jose]]>
</value>
<value instanceof="9">
<![CDATA[ Seattle Mariners]]>
</value>
<value instanceof="10">
<![CDATA[ Relief Pitcher]]>
</value>
</value>
<value instanceof="11">
<value instanceof="2">
<![CDATA[ 20]]>
</value>
<value instanceof="3">
<![CDATA[ Meyers, Chad]]>
</value>
<value instanceof="9">
<![CDATA[ Chicago Cubs]]>
</value>
<value instanceof="10">
<![CDATA[ Third Baseman]]>
</value>
</value>
<value instanceof="11">
<value instanceof="2">
<![CDATA[ 34]]>
</value>
<value instanceof="3">
<![CDATA[ Miceli, Dan]]>
</value>
<value instanceof="9">
<![CDATA[ Florida Marlins]]>
</value>
<value instanceof="10">
<![CDATA[ Relief Pitcher]]>
</value>
</value>
<value instanceof="11">
<value instanceof="2">
<![CDATA[ 76]]>
</value>
<value instanceof="3">
<![CDATA[ Michalak, Chris]]>
</value>
<value instanceof="9">
<![CDATA[ Tampa Bay Devil Rays]]>
</value>
<value instanceof="10">
<![CDATA[ Pitcher]]>
</value>
</value>
<value instanceof="11">
<value instanceof="2">
<![CDATA[ 23]]>
</value>
<value instanceof="3">
<![CDATA[ Mieske, Matt]]>
</value>
<value instanceof="9">
<![CDATA[ Houston Astros]]>
</value>
<value instanceof="10">
<![CDATA[ Left Fielder]]>
</value>
</value>
<value instanceof="11">
<value instanceof="2">
<![CDATA[ 15]]>
</value>
<value instanceof="3">
<![CDATA[ Millar, Kevin]]>
</value>
<value instanceof="9">
<![CDATA[ Florida Marlins]]>
</value>
<value instanceof="10">
<![CDATA[ First Baseman]]>
</value>
</value>
<value instanceof="11">
<value instanceof="2">
<![CDATA[ 26]]>
</value>
<value instanceof="3">
<![CDATA[ Miller, Damian]]>
</value>
<value instanceof="9">
<![CDATA[ Arizona Diamondbacks]]>
</value>
<value instanceof="10">
<![CDATA[ Catcher]]>
</value>
</value>
<value instanceof="11">
<value instanceof="2">
<![CDATA[ 5]]>
</value>
<value instanceof="3">
<![CDATA[ Miller, Orlando]]>
</value>
<value instanceof="9">
<![CDATA[ New York Mets]]>
</value>
<value instanceof="10">
<![CDATA[ Short Stop]]>
</value>
</value>
<value instanceof="11">
<value instanceof="2">
<![CDATA[ 20]]>
</value>
<value instanceof="3">
<![CDATA[ Miller, Travis]]>
</value>
<value instanceof="9">
<![CDATA[ Minnesota Twins]]>
</value>
<value instanceof="10">
<![CDATA[ Relief Pitcher]]>
</value>
</value>
<value instanceof="11">
<value instanceof="2">
<![CDATA[ 52]]>
</value>
<value instanceof="3">
<![CDATA[ Miller, Wade]]>
</value>
<value instanceof="9">
<![CDATA[ Houston Astros]]>
</value>
<value instanceof="10">
<![CDATA[ Starting Pitcher]]>
</value>
</value>
<value instanceof="11">
<value instanceof="2">
<![CDATA[ 75]]>
</value>
<value instanceof="3">
<![CDATA[ Mills, Alan]]>
</value>
<value instanceof="9">
<![CDATA[ Baltimore Orioles]]>
</value>
<value instanceof="10">
<![CDATA[ Relief Pitcher]]>
</value>
</value>
<value instanceof="11">
<value instanceof="2">
<![CDATA[ 34]]>
</value>
<value instanceof="3">
<![CDATA[ Millwood, Kevin]]>
</value>
<value instanceof="9">
<![CDATA[ Atlanta Braves]]>
</value>
<value instanceof="10">
<![CDATA[ Starting Pitcher]]>
</value>
</value>
<value instanceof="11">
<value instanceof="2">
<![CDATA[ 21]]>
</value>
<value instanceof="3">
<![CDATA[ Milton, Eric]]>
</value>
<value instanceof="9">
<![CDATA[ Minnesota Twins]]>
</value>
<value instanceof="10">
<![CDATA[ Starting Pitcher]]>
</value>
</value>
<value instanceof="11">
<value instanceof="2">
<![CDATA[ 25]]>
</value>
<value instanceof="3">
<![CDATA[ Minor, Ryan (DL)]]>
</value>
<value instanceof="9">
<![CDATA[ Baltimore Orioles]]>
</value>
<value instanceof="10">
<![CDATA[ Third Baseman]]>
</value>
</value>
<value instanceof="11">
<value instanceof="2">
<![CDATA[ 15]]>
</value>
<value instanceof="3">
<![CDATA[ Mirabelli, Doug]]>
</value>
<value instanceof="9">
<![CDATA[ San Francisco Giants]]>
</value>
<value instanceof="10">
<![CDATA[ Catcher]]>
</value>
</value>
<value instanceof="11">
<value instanceof="2">
<![CDATA[ 30]]>
</value>
<value instanceof="3">
<![CDATA[ Mlicki, Dave]]>
</value>
<value instanceof="9">
<![CDATA[ Detroit Tigers]]>
</value>
<value instanceof="10">
<![CDATA[ Starting Pitcher]]>
</value>
</value>
<value instanceof="11">
<value instanceof="2">
<![CDATA[ 38]]>
</value>
<value instanceof="3">
<![CDATA[ Moehler, Brian]]>
</value>
<value instanceof="9">
<![CDATA[ Detroit Tigers]]>
</value>
<value instanceof="10">
<![CDATA[ Starting Pitcher]]>
</value>
</value>
<value instanceof="11">
<value instanceof="2">
<![CDATA[ 39]]>
</value>
<value instanceof="3">
<![CDATA[ Moeller, Chad]]>
</value>
<value instanceof="9">
<![CDATA[ Minnesota Twins]]>
</value>
<value instanceof="10">
<![CDATA[ Catcher]]>
</value>
</value>
<value instanceof="11">
<value instanceof="2">
<![CDATA[ 5]]>
</value>
<value instanceof="3">
<![CDATA[ Molina, Bengie]]>
</value>
<value instanceof="9">
<![CDATA[ Anaheim Angels]]>
</value>
<value instanceof="10">
<![CDATA[ Catcher]]>
</value>
</value>
<value instanceof="11">
<value instanceof="2">
<![CDATA[ 45]]>
</value>
<value instanceof="3">
<![CDATA[ Molina, Gabe]]>
</value>
<value instanceof="9">
<![CDATA[ Baltimore Orioles]]>
</value>
<value instanceof="10">
<![CDATA[ Relief Pitcher]]>
</value>
</value>
<value instanceof="11">
<value instanceof="2">
<![CDATA[ 43]]>
</value>
<value instanceof="3">
<![CDATA[ Mondesi, Raul]]>
</value>
<value instanceof="9">
<![CDATA[ Toronto Blue Jays]]>
</value>
<value instanceof="10">
<![CDATA[ Right Fielder]]>
</value>
</value>
<value instanceof="11">
<value instanceof="2">
<![CDATA[ 27]]>
</value>
<value instanceof="3">
<![CDATA[ Montgomery, Steve L. (DL)]]>
</value>
<value instanceof="9">
<![CDATA[ San Diego Padres]]>
</value>
<value instanceof="10">
<![CDATA[ Relief Pitcher]]>
</value>
</value>
<value instanceof="11">
<value instanceof="2">
<![CDATA[ 47]]>
</value>
<value instanceof="3">
<![CDATA[ Moody, Eric]]>
</value>
<value instanceof="9">
<![CDATA[ San Diego Padres]]>
</value>
<value instanceof="10">
<![CDATA[ Relief Pitcher]]>
</value>
</value>
<value instanceof="11">
<value instanceof="2">
<![CDATA[ 6]]>
</value>
<value instanceof="3">
<![CDATA[ Mora, Melvin]]>
</value>
<value instanceof="9">
<![CDATA[ New York Mets]]>
</value>
<value instanceof="10">
<![CDATA[ Short Stop]]>
</value>
</value>
<value instanceof="11">
<value instanceof="2">
<![CDATA[ 12]]>
</value>
<value instanceof="3">
<![CDATA[ Morandini, Mickey]]>
</value>
<value instanceof="9">
<![CDATA[ Philadelphia Phillies]]>
</value>
<value instanceof="10">
<![CDATA[ Second Baseman]]>
</value>
</value>
<value instanceof="11">
<value instanceof="2">
<![CDATA[ 12]]>
</value>
<value instanceof="3">
<![CDATA[ Mordecai, Mike]]>
</value>
<value instanceof="9">
<![CDATA[ Montreal Expos]]>
</value>
<value instanceof="10">
<![CDATA[ Third Baseman]]>
</value>
</value>
<value instanceof="11">
<value instanceof="2">
<![CDATA[ 45]]>
</value>
<value instanceof="3">
<![CDATA[ Moreno, Orber (DL)]]>
</value>
<value instanceof="9">
<![CDATA[ Kansas City Royals]]>
</value>
<value instanceof="10">
<![CDATA[ Relief Pitcher]]>
</value>
</value>
<value instanceof="11">
<value instanceof="2">
<![CDATA[ 36]]>
</value>
<value instanceof="3">
<![CDATA[ Morgan, Mike]]>
</value>
<value instanceof="9">
<![CDATA[ Arizona Diamondbacks]]>
</value>
<value instanceof="10">
<![CDATA[ Relief Pitcher]]>
</value>
</value>
<value instanceof="11">
<value instanceof="2">
<![CDATA[ 25]]>
</value>
<value instanceof="3">
<![CDATA[ Morris, Hal]]>
</value>
<value instanceof="9">
<![CDATA[ Detroit Tigers]]>
</value>
<value instanceof="10">
<![CDATA[ First Baseman]]>
</value>
</value>
<value instanceof="11">
<value instanceof="2">
<![CDATA[ 35]]>
</value>
<value instanceof="3">
<![CDATA[ Morris, Matt]]>
</value>
<value instanceof="9">
<![CDATA[ St. Louis Cardinals]]>
</value>
<value instanceof="10">
<![CDATA[ Relief Pitcher]]>
</value>
</value>
<value instanceof="11">
<value instanceof="2">
<![CDATA[ 30]]>
</value>
<value instanceof="3">
<![CDATA[ Morris, Warren]]>
</value>
<value instanceof="9">
<![CDATA[ Pittsburgh Pirates]]>
</value>
<value instanceof="10">
<![CDATA[ Second Baseman]]>
</value>
</value>
<value instanceof="11">
<value instanceof="2">
<![CDATA[ 73]]>
</value>
<value instanceof="3">
<![CDATA[ Mosquera, Julio]]>
</value>
<value instanceof="9">
<![CDATA[ New York Yankees]]>
</value>
<value instanceof="10">
<![CDATA[ Catcher]]>
</value>
</value>
<value instanceof="11">
<value instanceof="2">
<![CDATA[ 40]]>
</value>
<value instanceof="3">
<![CDATA[ Mota, Guillermo]]>
</value>
<value instanceof="9">
<![CDATA[ Montreal Expos]]>
</value>
<value instanceof="10">
<![CDATA[ Relief Pitcher]]>
</value>
</value>
<value instanceof="11">
<value instanceof="2">
<![CDATA[ 15]]>
</value>
<value instanceof="3">
<![CDATA[ Mottola, Chad]]>
</value>
<value instanceof="9">
<![CDATA[ Toronto Blue Jays]]>
</value>
<value instanceof="10">
<![CDATA[ Right Fielder]]>
</value>
</value>
<value instanceof="11">
<value instanceof="2">
<![CDATA[ 24]]>
</value>
<value instanceof="3">
<![CDATA[ Mouton, James]]>
</value>
<value instanceof="9">
<![CDATA[ Milwaukee Brewers]]>
</value>
<value instanceof="10">
<![CDATA[ Left Fielder]]>
</value>
</value>
<value instanceof="11">
<value instanceof="2">
<![CDATA[ 50]]>
</value>
<value instanceof="3">
<![CDATA[ Moyer, Jamie]]>
</value>
<value instanceof="9">
<![CDATA[ Seattle Mariners]]>
</value>
<value instanceof="10">
<![CDATA[ Starting Pitcher]]>
</value>
</value>
<value instanceof="11">
<value instanceof="2">
<![CDATA[ 32]]>
</value>
<value instanceof="3">
<![CDATA[ Mueller, Bill]]>
</value>
<value instanceof="9">
<![CDATA[ San Francisco Giants]]>
</value>
<value instanceof="10">
<![CDATA[ Third Baseman]]>
</value>
</value>
<value instanceof="11">
<value instanceof="2">
<![CDATA[ 20]]>
</value>
<value instanceof="3">
<![CDATA[ Mulder, Mark]]>
</value>
<value instanceof="9">
<![CDATA[ Oakland Athletics]]>
</value>
<value instanceof="10">
<![CDATA[ Starting Pitcher]]>
</value>
</value>
<value instanceof="11">
<value instanceof="2">
<![CDATA[ 45]]>
</value>
<value instanceof="3">
<![CDATA[ Mulholland, Terry]]>
</value>
<value instanceof="9">
<![CDATA[ Atlanta Braves]]>
</value>
<value instanceof="10">
<![CDATA[ Starting Pitcher]]>
</value>
</value>
<value instanceof="11">
<value instanceof="2">
<![CDATA[ 51]]>
</value>
<value instanceof="3">
<![CDATA[ Munoz, Mike (DL)]]>
</value>
<value instanceof="9">
<![CDATA[ Texas Rangers]]>
</value>
<value instanceof="10">
<![CDATA[ Relief Pitcher]]>
</value>
</value>
<value instanceof="11">
<value instanceof="2">
<![CDATA[ 8]]>
</value>
<value instanceof="3">
<![CDATA[ Murray, Calvin]]>
</value>
<value instanceof="9">
<![CDATA[ San Francisco Giants]]>
</value>
<value instanceof="10">
<![CDATA[ Center Fielder]]>
</value>
</value>
<value instanceof="11">
<value instanceof="2">
<![CDATA[ 54]]>
</value>
<value instanceof="3">
<![CDATA[ Murray, Glenn]]>
</value>
<value instanceof="9">
<![CDATA[ St. Louis Cardinals]]>
</value>
<value instanceof="10">
<![CDATA[ Right Fielder]]>
</value>
</value>
<value instanceof="11">
<value instanceof="2">
<![CDATA[ 35]]>
</value>
<value instanceof="3">
<![CDATA[ Mussina, Mike]]>
</value>
<value instanceof="9">
<![CDATA[ Baltimore Orioles]]>
</value>
<value instanceof="10">
<![CDATA[ Starting Pitcher]]>
</value>
</value>
<value instanceof="11">
<value instanceof="2">
<![CDATA[ 37]]>
</value>
<value instanceof="3">
<![CDATA[ Myers, Greg]]>
</value>
<value instanceof="9">
<![CDATA[ Baltimore Orioles]]>
</value>
<value instanceof="10">
<![CDATA[ Catcher]]>
</value>
</value>
<value instanceof="11">
<value instanceof="2">
<![CDATA[ 28]]>
</value>
<value instanceof="3">
<![CDATA[ Myers, Mike]]>
</value>
<value instanceof="9">
<![CDATA[ Colorado Rockies]]>
</value>
<value instanceof="10">
<![CDATA[ Relief Pitcher]]>
</value>
</value>
<value instanceof="11">
<value instanceof="2">
<![CDATA[ 48]]>
</value>
<value instanceof="3">
<![CDATA[ Myers, Randy (DL)]]>
</value>
<value instanceof="9">
<![CDATA[ San Diego Padres]]>
</value>
<value instanceof="10">
<![CDATA[ Relief Pitcher]]>
</value>
</value>
<value instanceof="11">
<value instanceof="2">
<![CDATA[ 66]]>
</value>
<value instanceof="3">
<![CDATA[ Myers, Rodney (DL)]]>
</value>
<value instanceof="9">
<![CDATA[ San Diego Padres]]>
</value>
<value instanceof="10">
<![CDATA[ Relief Pitcher]]>
</value>
</value>
</value>
<value instanceof="15">
<value instanceof="13">
</value>
</value>
</value>

