<value instanceof="16">
<value instanceof="0">
<![CDATA[ A]]>
</value>
<value instanceof="1">
<![CDATA[ A]]>
</value>
<value instanceof="12">
<value instanceof="11">
<value instanceof="2">
<![CDATA[ 25]]>
</value>
<value instanceof="3">
<![CDATA[ Abbott, Jeff]]>
</value>
<value instanceof="9">
<![CDATA[ Chicago White Sox]]>
</value>
<value instanceof="10">
<![CDATA[ Center Fielder]]>
</value>
</value>
<value instanceof="11">
<value instanceof="2">
<![CDATA[ 20]]>
</value>
<value instanceof="3">
<![CDATA[ Abbott, Kurt (DL)]]>
</value>
<value instanceof="9">
<![CDATA[ New York Mets]]>
</value>
<value instanceof="10">
<![CDATA[ Short Stop]]>
</value>
</value>
<value instanceof="11">
<value instanceof="2">
<![CDATA[ 48]]>
</value>
<value instanceof="3">
<![CDATA[ Abbott, Paul]]>
</value>
<value instanceof="9">
<![CDATA[ Seattle Mariners]]>
</value>
<value instanceof="10">
<![CDATA[ Starting Pitcher]]>
</value>
</value>
<value instanceof="11">
<value instanceof="2">
<![CDATA[ 53]]>
</value>
<value instanceof="3">
<![CDATA[ Abreu, Bobby]]>
</value>
<value instanceof="9">
<![CDATA[ Philadelphia Phillies]]>
</value>
<value instanceof="10">
<![CDATA[ Right Fielder]]>
</value>
</value>
<value instanceof="11">
<value instanceof="2">
<![CDATA[ 53]]>
</value>
<value instanceof="3">
<![CDATA[ Acevedo, Juan]]>
</value>
<value instanceof="9">
<![CDATA[ Milwaukee Brewers]]>
</value>
<value instanceof="10">
<![CDATA[ Relief Pitcher]]>
</value>
</value>
<value instanceof="11">
<value instanceof="2">
<![CDATA[ 51]]>
</value>
<value instanceof="3">
<![CDATA[ Adams, Terry]]>
</value>
<value instanceof="9">
<![CDATA[ Los Angeles Dodgers]]>
</value>
<value instanceof="10">
<![CDATA[ Relief Pitcher]]>
</value>
</value>
<value instanceof="11">
<value instanceof="2">
<![CDATA[ 55]]>
</value>
<value instanceof="3">
<![CDATA[ Adams, Willie]]>
</value>
<value instanceof="9">
<![CDATA[ Boston Red Sox]]>
</value>
<value instanceof="10">
<![CDATA[ Starting Pitcher]]>
</value>
</value>
<value instanceof="11">
<value instanceof="2">
<![CDATA[ 50]]>
</value>
<value instanceof="3">
<![CDATA[ Agbayani, Benny]]>
</value>
<value instanceof="9">
<![CDATA[ New York Mets]]>
</value>
<value instanceof="10">
<![CDATA[ Left Fielder]]>
</value>
</value>
<value instanceof="11">
<value instanceof="2">
<![CDATA[ 38]]>
</value>
<value instanceof="3">
<![CDATA[ Aguilera, Rick]]>
</value>
<value instanceof="9">
<![CDATA[ Chicago Cubs]]>
</value>
<value instanceof="10">
<![CDATA[ Relief Pitcher]]>
</value>
</value>
<value instanceof="11">
<value instanceof="2">
<![CDATA[ 27]]>
</value>
<value instanceof="3">
<![CDATA[ Ahearne, Pat]]>
</value>
<value instanceof="9">
<![CDATA[ Seattle Mariners]]>
</value>
<value instanceof="10">
<![CDATA[ Starting Pitcher]]>
</value>
</value>
<value instanceof="11">
<value instanceof="2">
<![CDATA[ 56]]>
</value>
<value instanceof="3">
<![CDATA[ Alcantara, Israel]]>
</value>
<value instanceof="9">
<![CDATA[ Boston Red Sox]]>
</value>
<value instanceof="10">
<![CDATA[ Right Fielder]]>
</value>
</value>
<value instanceof="11">
<value instanceof="2">
<![CDATA[ 30]]>
</value>
<value instanceof="3">
<![CDATA[ Aldred, Scott (DL)]]>
</value>
<value instanceof="9">
<![CDATA[ Philadelphia Phillies]]>
</value>
<value instanceof="10">
<![CDATA[ Relief Pitcher]]>
</value>
</value>
<value instanceof="11">
<value instanceof="2">
<![CDATA[ 29]]>
</value>
<value instanceof="3">
<![CDATA[ Alexander, Manny]]>
</value>
<value instanceof="9">
<![CDATA[ Boston Red Sox]]>
</value>
<value instanceof="10">
<![CDATA[ Third Baseman]]>
</value>
</value>
<value instanceof="11">
<value instanceof="2">
<![CDATA[ 57]]>
</value>
<value instanceof="3">
<![CDATA[ Alfonseca, Antonio]]>
</value>
<value instanceof="9">
<![CDATA[ Florida Marlins]]>
</value>
<value instanceof="10">
<![CDATA[ Relief Pitcher]]>
</value>
</value>
<value instanceof="11">
<value instanceof="2">
<![CDATA[ 13]]>
</value>
<value instanceof="3">
<![CDATA[ Alfonzo, Edgardo]]>
</value>
<value instanceof="9">
<![CDATA[ New York Mets]]>
</value>
<value instanceof="10">
<![CDATA[ Second Baseman]]>
</value>
</value>
<value instanceof="11">
<value instanceof="2">
<![CDATA[ 10]]>
</value>
<value instanceof="3">
<![CDATA[ Alicea, Luis]]>
</value>
<value instanceof="9">
<![CDATA[ Texas Rangers]]>
</value>
<value instanceof="10">
<![CDATA[ Second Baseman]]>
</value>
</value>
<value instanceof="11">
<value instanceof="2">
<![CDATA[ 31]]>
</value>
<value instanceof="3">
<![CDATA[ Allen, Chad]]>
</value>
<value instanceof="9">
<![CDATA[ Minnesota Twins]]>
</value>
<value instanceof="10">
<![CDATA[ Right Fielder]]>
</value>
</value>
<value instanceof="11">
<value instanceof="2">
<![CDATA[ 55]]>
</value>
<value instanceof="3">
<![CDATA[ Almanza, Armando]]>
</value>
<value instanceof="9">
<![CDATA[ Florida Marlins]]>
</value>
<value instanceof="10">
<![CDATA[ Relief Pitcher]]>
</value>
</value>
<value instanceof="11">
<value instanceof="2">
<![CDATA[ 40]]>
</value>
<value instanceof="3">
<![CDATA[ Almanzar, Carlos]]>
</value>
<value instanceof="9">
<![CDATA[ San Diego Padres]]>
</value>
<value instanceof="10">
<![CDATA[ Relief Pitcher]]>
</value>
</value>
<value instanceof="11">
<value instanceof="2">
<![CDATA[ 12]]>
</value>
<value instanceof="3">
<![CDATA[ Alomar, Roberto]]>
</value>
<value instanceof="9">
<![CDATA[ Cleveland Indians]]>
</value>
<value instanceof="10">
<![CDATA[ Second Baseman]]>
</value>
</value>
<value instanceof="11">
<value instanceof="2">
<![CDATA[ 15]]>
</value>
<value instanceof="3">
<![CDATA[ Alomar, Sandy]]>
</value>
<value instanceof="9">
<![CDATA[ Cleveland Indians]]>
</value>
<value instanceof="10">
<![CDATA[ Catcher]]>
</value>
</value>
<value instanceof="11">
<value instanceof="2">
<![CDATA[ 18]]>
</value>
<value instanceof="3">
<![CDATA[ Alou, Moises]]>
</value>
<value instanceof="9">
<![CDATA[ Houston Astros]]>
</value>
<value instanceof="10">
<![CDATA[ Left Fielder]]>
</value>
</value>
<value instanceof="11">
<value instanceof="2">
<![CDATA[ 40]]>
</value>
<value instanceof="3">
<![CDATA[ Alvarez, Wilson (DL)]]>
</value>
<value instanceof="9">
<![CDATA[ Tampa Bay Devil Rays]]>
</value>
<value instanceof="10">
<![CDATA[ Starting Pitcher]]>
</value>
</value>
<value instanceof="11">
<value instanceof="2">
<![CDATA[ 6]]>
</value>
<value instanceof="3">
<![CDATA[ Amaral, Rich (DL)]]>
</value>
<value instanceof="9">
<![CDATA[ Baltimore Orioles]]>
</value>
<value instanceof="10">
<![CDATA[ Center Fielder]]>
</value>
</value>
<value instanceof="11">
<value instanceof="2">
<![CDATA[ 9]]>
</value>
<value instanceof="3">
<![CDATA[ Anderson, Brady]]>
</value>
<value instanceof="9">
<![CDATA[ Baltimore Orioles]]>
</value>
<value instanceof="10">
<![CDATA[ Center Fielder]]>
</value>
</value>
<value instanceof="11">
<value instanceof="2">
<![CDATA[ 34]]>
</value>
<value instanceof="3">
<![CDATA[ Anderson, Brian]]>
</value>
<value instanceof="9">
<![CDATA[ Arizona Diamondbacks]]>
</value>
<value instanceof="10">
<![CDATA[ Starting Pitcher]]>
</value>
</value>
<value instanceof="11">
<value instanceof="2">
<![CDATA[ 16]]>
</value>
<value instanceof="3">
<![CDATA[ Anderson, Garret]]>
</value>
<value instanceof="9">
<![CDATA[ Anaheim Angels]]>
</value>
<value instanceof="10">
<![CDATA[ Center Fielder]]>
</value>
</value>
<value instanceof="11">
<value instanceof="2">
<![CDATA[ 55]]>
</value>
<value instanceof="3">
<![CDATA[ Anderson, Jimmy]]>
</value>
<value instanceof="9">
<![CDATA[ Pittsburgh Pirates]]>
</value>
<value instanceof="10">
<![CDATA[ Starting Pitcher]]>
</value>
</value>
<value instanceof="11">
<value instanceof="2">
<![CDATA[ 14]]>
</value>
<value instanceof="3">
<![CDATA[ Anderson, Matt]]>
</value>
<value instanceof="9">
<![CDATA[ Detroit Tigers]]>
</value>
<value instanceof="10">
<![CDATA[ Relief Pitcher]]>
</value>
</value>
<value instanceof="11">
<value instanceof="2">
<![CDATA[ 24]]>
</value>
<value instanceof="3">
<![CDATA[ Andrews, Shane (DL)]]>
</value>
<value instanceof="9">
<![CDATA[ Chicago Cubs]]>
</value>
<value instanceof="10">
<![CDATA[ Third Baseman]]>
</value>
</value>
<value instanceof="11">
<value instanceof="2">
<![CDATA[ 66]]>
</value>
<value instanceof="3">
<![CDATA[ Ankiel, Rick]]>
</value>
<value instanceof="9">
<![CDATA[ St. Louis Cardinals]]>
</value>
<value instanceof="10">
<![CDATA[ Starting Pitcher]]>
</value>
</value>
<value instanceof="11">
<value instanceof="2">
<![CDATA[ 19]]>
</value>
<value instanceof="3">
<![CDATA[ Appier, Kevin]]>
</value>
<value instanceof="9">
<![CDATA[ Oakland Athletics]]>
</value>
<value instanceof="10">
<![CDATA[ Starting Pitcher]]>
</value>
</value>
<value instanceof="11">
<value instanceof="2">
<![CDATA[ 26]]>
</value>
<value instanceof="3">
<![CDATA[ Arias, Alex]]>
</value>
<value instanceof="9">
<![CDATA[ Philadelphia Phillies]]>
</value>
<value instanceof="10">
<![CDATA[ Short Stop]]>
</value>
</value>
<value instanceof="11">
<value instanceof="2">
<![CDATA[ 58]]>
</value>
<value instanceof="3">
<![CDATA[ Armas, Tony (DL)]]>
</value>
<value instanceof="9">
<![CDATA[ Montreal Expos]]>
</value>
<value instanceof="10">
<![CDATA[ Starting Pitcher]]>
</value>
</value>
<value instanceof="11">
<value instanceof="2">
<![CDATA[ 44]]>
</value>
<value instanceof="3">
<![CDATA[ Arrojo, Rolando]]>
</value>
<value instanceof="9">
<![CDATA[ Colorado Rockies]]>
</value>
<value instanceof="10">
<![CDATA[ Starting Pitcher]]>
</value>
</value>
<value instanceof="11">
<value instanceof="2">
<![CDATA[ 69]]>
</value>
<value instanceof="3">
<![CDATA[ Arroyo, Bronson]]>
</value>
<value instanceof="9">
<![CDATA[ Pittsburgh Pirates]]>
</value>
<value instanceof="10">
<![CDATA[ Starting Pitcher]]>
</value>
</value>
<value instanceof="11">
<value instanceof="2">
<![CDATA[ 48]]>
</value>
<value instanceof="3">
<![CDATA[ Ashby, Andy]]>
</value>
<value instanceof="9">
<![CDATA[ Atlanta Braves]]>
</value>
<value instanceof="10">
<![CDATA[ Starting Pitcher]]>
</value>
</value>
<value instanceof="11">
<value instanceof="2">
<![CDATA[ 34]]>
</value>
<value instanceof="3">
<![CDATA[ Astacio, Pedro]]>
</value>
<value instanceof="9">
<![CDATA[ Colorado Rockies]]>
</value>
<value instanceof="10">
<![CDATA[ Starting Pitcher]]>
</value>
</value>
<value instanceof="11">
<value instanceof="2">
<![CDATA[ 35]]>
</value>
<value instanceof="3">
<![CDATA[ Aurilia, Rich]]>
</value>
<value instanceof="9">
<![CDATA[ San Francisco Giants]]>
</value>
<value instanceof="10">
<![CDATA[ Short Stop]]>
</value>
</value>
<value instanceof="11">
<value instanceof="2">
<![CDATA[ 12]]>
</value>
<value instanceof="3">
<![CDATA[ Ausmus, Brad]]>
</value>
<value instanceof="9">
<![CDATA[ Detroit Tigers]]>
</value>
<value instanceof="10">
<![CDATA[ Catcher]]>
</value>
</value>
<value instanceof="11">
<value instanceof="2">
<![CDATA[ 37]]>
</value>
<value instanceof="3">
<![CDATA[ Aven, Bruce]]>
</value>
<value instanceof="9">
<![CDATA[ Pittsburgh Pirates]]>
</value>
<value instanceof="10">
<![CDATA[ Right Fielder]]>
</value>
</value>
<value instanceof="11">
<value instanceof="2">
<![CDATA[ 32]]>
</value>
<value instanceof="3">
<![CDATA[ Avery, Steve (DL)]]>
</value>
<value instanceof="9">
<![CDATA[ Atlanta Braves]]>
</value>
<value instanceof="10">
<![CDATA[ Starting Pitcher]]>
</value>
</value>
<value instanceof="11">
<value instanceof="2">
<![CDATA[ 36]]>
</value>
<value instanceof="3">
<![CDATA[ Aybar, Manny]]>
</value>
<value instanceof="9">
<![CDATA[ Cincinnati Reds]]>
</value>
<value instanceof="10">
<![CDATA[ Relief Pitcher]]>
</value>
</value>
</value>
<value instanceof="15">
<value instanceof="14">
</value>
</value>
</value>

