<value instanceof="16">
<value instanceof="0">
<![CDATA[ C]]>
</value>
<value instanceof="1">
<![CDATA[ C]]>
</value>
<value instanceof="12">
<value instanceof="11">
<value instanceof="2">
<![CDATA[ 38]]>
</value>
<value instanceof="3">
<![CDATA[ Cabrera, Alex]]>
</value>
<value instanceof="9">
<![CDATA[ Arizona Diamondbacks]]>
</value>
<value instanceof="10">
<![CDATA[ First Baseman]]>
</value>
</value>
<value instanceof="11">
<value instanceof="2">
<![CDATA[ 6]]>
</value>
<value instanceof="3">
<![CDATA[ Cabrera, Jolbert]]>
</value>
<value instanceof="9">
<![CDATA[ Cleveland Indians]]>
</value>
<value instanceof="10">
<![CDATA[ Center Fielder]]>
</value>
</value>
<value instanceof="11">
<value instanceof="2">
<![CDATA[ 18]]>
</value>
<value instanceof="3">
<![CDATA[ Cabrera, Orlando (DL)]]>
</value>
<value instanceof="9">
<![CDATA[ Montreal Expos]]>
</value>
<value instanceof="10">
<![CDATA[ Short Stop]]>
</value>
</value>
<value instanceof="11">
<value instanceof="2">
<![CDATA[ 38]]>
</value>
<value instanceof="3">
<![CDATA[ Cadaret, Greg]]>
</value>
<value instanceof="9">
<![CDATA[ Anaheim Angels]]>
</value>
<value instanceof="10">
<![CDATA[ Relief Pitcher]]>
</value>
</value>
<value instanceof="11">
<value instanceof="2">
<![CDATA[ 62]]>
</value>
<value instanceof="3">
<![CDATA[ Cairncross, Cameron]]>
</value>
<value instanceof="9">
<![CDATA[ Cleveland Indians]]>
</value>
<value instanceof="10">
<![CDATA[ Relief Pitcher]]>
</value>
</value>
<value instanceof="11">
<value instanceof="2">
<![CDATA[ 1]]>
</value>
<value instanceof="3">
<![CDATA[ Cairo, Miguel]]>
</value>
<value instanceof="9">
<![CDATA[ Tampa Bay Devil Rays]]>
</value>
<value instanceof="10">
<![CDATA[ Second Baseman]]>
</value>
</value>
<value instanceof="11">
<value instanceof="2">
<![CDATA[ 44]]>
</value>
<value instanceof="3">
<![CDATA[ Cameron, Mike]]>
</value>
<value instanceof="9">
<![CDATA[ Seattle Mariners]]>
</value>
<value instanceof="10">
<![CDATA[ Center Fielder]]>
</value>
</value>
<value instanceof="11">
<value instanceof="2">
<![CDATA[ 11]]>
</value>
<value instanceof="3">
<![CDATA[ Caminiti, Ken (DL)]]>
</value>
<value instanceof="9">
<![CDATA[ Houston Astros]]>
</value>
<value instanceof="10">
<![CDATA[ Third Baseman]]>
</value>
</value>
<value instanceof="11">
<value instanceof="2">
<![CDATA[ 50]]>
</value>
<value instanceof="3">
<![CDATA[ Cancel, Robinson (DL)]]>
</value>
<value instanceof="9">
<![CDATA[ Milwaukee Brewers]]>
</value>
<value instanceof="10">
<![CDATA[ Catcher]]>
</value>
</value>
<value instanceof="11">
<value instanceof="2">
<![CDATA[ 13]]>
</value>
<value instanceof="3">
<![CDATA[ Candaele, Casey]]>
</value>
<value instanceof="9">
<![CDATA[ St. Louis Cardinals]]>
</value>
<value instanceof="10">
<![CDATA[ Second Baseman]]>
</value>
</value>
<value instanceof="11">
<value instanceof="2">
<![CDATA[ 1]]>
</value>
<value instanceof="3">
<![CDATA[ Canizaro, Jay]]>
</value>
<value instanceof="9">
<![CDATA[ Minnesota Twins]]>
</value>
<value instanceof="10">
<![CDATA[ Second Baseman]]>
</value>
</value>
<value instanceof="11">
<value instanceof="2">
<![CDATA[ 33]]>
</value>
<value instanceof="3">
<![CDATA[ Canseco, Jose]]>
</value>
<value instanceof="9">
<![CDATA[ Tampa Bay Devil Rays]]>
</value>
<value instanceof="10">
<![CDATA[ Designated Hitter]]>
</value>
</value>
<value instanceof="11">
<value instanceof="2">
<![CDATA[ 53]]>
</value>
<value instanceof="3">
<![CDATA[ Cardona, Javier]]>
</value>
<value instanceof="9">
<![CDATA[ Detroit Tigers]]>
</value>
<value instanceof="10">
<![CDATA[ Catcher]]>
</value>
</value>
<value instanceof="11">
<value instanceof="2">
<![CDATA[ 26]]>
</value>
<value instanceof="3">
<![CDATA[ Carpenter, Chris]]>
</value>
<value instanceof="9">
<![CDATA[ Toronto Blue Jays]]>
</value>
<value instanceof="10">
<![CDATA[ Starting Pitcher]]>
</value>
</value>
<value instanceof="11">
<value instanceof="2">
<![CDATA[ 58]]>
</value>
<value instanceof="3">
<![CDATA[ Carrasco, Hector]]>
</value>
<value instanceof="9">
<![CDATA[ Minnesota Twins]]>
</value>
<value instanceof="10">
<![CDATA[ Relief Pitcher]]>
</value>
</value>
<value instanceof="11">
<value instanceof="2">
<![CDATA[ 25]]>
</value>
<value instanceof="3">
<![CDATA[ Casanova, Raul]]>
</value>
<value instanceof="9">
<![CDATA[ Milwaukee Brewers]]>
</value>
<value instanceof="10">
<![CDATA[ Catcher]]>
</value>
</value>
<value instanceof="11">
<value instanceof="2">
<![CDATA[ 21]]>
</value>
<value instanceof="3">
<![CDATA[ Casey, Sean]]>
</value>
<value instanceof="9">
<![CDATA[ Cincinnati Reds]]>
</value>
<value instanceof="10">
<![CDATA[ First Baseman]]>
</value>
</value>
<value instanceof="11">
<value instanceof="2">
<![CDATA[ 9]]>
</value>
<value instanceof="3">
<![CDATA[ Castilla, Vinny]]>
</value>
<value instanceof="9">
<![CDATA[ Tampa Bay Devil Rays]]>
</value>
<value instanceof="10">
<![CDATA[ Third Baseman]]>
</value>
</value>
<value instanceof="11">
<value instanceof="2">
<![CDATA[ 30]]>
</value>
<value instanceof="3">
<![CDATA[ Castillo, Alberto]]>
</value>
<value instanceof="9">
<![CDATA[ Toronto Blue Jays]]>
</value>
<value instanceof="10">
<![CDATA[ Catcher]]>
</value>
</value>
<value instanceof="11">
<value instanceof="2">
<![CDATA[ 37]]>
</value>
<value instanceof="3">
<![CDATA[ Castillo, Frank]]>
</value>
<value instanceof="9">
<![CDATA[ Toronto Blue Jays]]>
</value>
<value instanceof="10">
<![CDATA[ Starting Pitcher]]>
</value>
</value>
<value instanceof="11">
<value instanceof="2">
<![CDATA[ 1]]>
</value>
<value instanceof="3">
<![CDATA[ Castillo, Luis]]>
</value>
<value instanceof="9">
<![CDATA[ Florida Marlins]]>
</value>
<value instanceof="10">
<![CDATA[ Second Baseman]]>
</value>
</value>
<value instanceof="11">
<value instanceof="2">
<![CDATA[ 12]]>
</value>
<value instanceof="3">
<![CDATA[ Castro, Juan]]>
</value>
<value instanceof="9">
<![CDATA[ Cincinnati Reds]]>
</value>
<value instanceof="10">
<![CDATA[ Short Stop]]>
</value>
</value>
<value instanceof="11">
<value instanceof="2">
<![CDATA[ 17]]>
</value>
<value instanceof="3">
<![CDATA[ Castro, Ramon]]>
</value>
<value instanceof="9">
<![CDATA[ Florida Marlins]]>
</value>
<value instanceof="10">
<![CDATA[ Catcher]]>
</value>
</value>
<value instanceof="11">
<value instanceof="2">
<![CDATA[ 27]]>
</value>
<value instanceof="3">
<![CDATA[ Catalanotto, Frank]]>
</value>
<value instanceof="9">
<![CDATA[ Texas Rangers]]>
</value>
<value instanceof="10">
<![CDATA[ Second Baseman]]>
</value>
</value>
<value instanceof="11">
<value instanceof="2">
<![CDATA[ 14]]>
</value>
<value instanceof="3">
<![CDATA[ Cedeno, Roger (DL)]]>
</value>
<value instanceof="9">
<![CDATA[ Houston Astros]]>
</value>
<value instanceof="10">
<![CDATA[ Center Fielder]]>
</value>
</value>
<value instanceof="11">
<value instanceof="2">
<![CDATA[ 66]]>
</value>
<value instanceof="3">
<![CDATA[ Chavez, Anthony]]>
</value>
<value instanceof="9">
<![CDATA[ Detroit Tigers]]>
</value>
<value instanceof="10">
<![CDATA[ Relief Pitcher]]>
</value>
</value>
<value instanceof="11">
<value instanceof="2">
<![CDATA[ 3]]>
</value>
<value instanceof="3">
<![CDATA[ Chavez, Eric]]>
</value>
<value instanceof="9">
<![CDATA[ Oakland Athletics]]>
</value>
<value instanceof="10">
<![CDATA[ Third Baseman]]>
</value>
</value>
<value instanceof="11">
<value instanceof="2">
<![CDATA[ 72]]>
</value>
<value instanceof="3">
<![CDATA[ Chavez, Raul]]>
</value>
<value instanceof="9">
<![CDATA[ Houston Astros]]>
</value>
<value instanceof="10">
<![CDATA[ Catcher]]>
</value>
</value>
<value instanceof="11">
<value instanceof="2">
<![CDATA[ 39]]>
</value>
<value instanceof="3">
<![CDATA[ Chen, Bruce]]>
</value>
<value instanceof="9">
<![CDATA[ Philadelphia Phillies]]>
</value>
<value instanceof="10">
<![CDATA[ Relief Pitcher]]>
</value>
</value>
<value instanceof="11">
<value instanceof="2">
<![CDATA[ 15]]>
</value>
<value instanceof="3">
<![CDATA[ Chiaramonte, Guiseppe]]>
</value>
<value instanceof="9">
<![CDATA[ San Francisco Giants]]>
</value>
<value instanceof="10">
<![CDATA[ Catcher]]>
</value>
</value>
<value instanceof="11">
<value instanceof="2">
<![CDATA[ 58]]>
</value>
<value instanceof="3">
<![CDATA[ Choate, Randy]]>
</value>
<value instanceof="9">
<![CDATA[ New York Yankees]]>
</value>
<value instanceof="10">
<![CDATA[ Relief Pitcher]]>
</value>
</value>
<value instanceof="11">
<value instanceof="2">
<![CDATA[ 61]]>
</value>
<value instanceof="3">
<![CDATA[ Cho, Jin Ho (DL)]]>
</value>
<value instanceof="9">
<![CDATA[ Boston Red Sox]]>
</value>
<value instanceof="10">
<![CDATA[ Starting Pitcher]]>
</value>
</value>
<value instanceof="11">
<value instanceof="2">
<![CDATA[ 43]]>
</value>
<value instanceof="3">
<![CDATA[ Chouinard, Bobby]]>
</value>
<value instanceof="9">
<![CDATA[ Colorado Rockies]]>
</value>
<value instanceof="10">
<![CDATA[ Relief Pitcher]]>
</value>
</value>
<value instanceof="11">
<value instanceof="2">
<![CDATA[ 28]]>
</value>
<value instanceof="3">
<![CDATA[ Christenson, Ryan]]>
</value>
<value instanceof="9">
<![CDATA[ Oakland Athletics]]>
</value>
<value instanceof="10">
<![CDATA[ Left Fielder]]>
</value>
</value>
<value instanceof="11">
<value instanceof="2">
<![CDATA[ 41]]>
</value>
<value instanceof="3">
<![CDATA[ Christiansen, Jason]]>
</value>
<value instanceof="9">
<![CDATA[ Pittsburgh Pirates]]>
</value>
<value instanceof="10">
<![CDATA[ Relief Pitcher]]>
</value>
</value>
<value instanceof="11">
<value instanceof="2">
<![CDATA[ 7]]>
</value>
<value instanceof="3">
<![CDATA[ Cirillo, Jeff]]>
</value>
<value instanceof="9">
<![CDATA[ Colorado Rockies]]>
</value>
<value instanceof="10">
<![CDATA[ Third Baseman]]>
</value>
</value>
<value instanceof="11">
<value instanceof="2">
<![CDATA[ 44]]>
</value>
<value instanceof="3">
<![CDATA[ Clark, Tony (DL)]]>
</value>
<value instanceof="9">
<![CDATA[ Detroit Tigers]]>
</value>
<value instanceof="10">
<![CDATA[ First Baseman]]>
</value>
</value>
<value instanceof="11">
<value instanceof="2">
<![CDATA[ 23]]>
</value>
<value instanceof="3">
<![CDATA[ Clark, Will]]>
</value>
<value instanceof="9">
<![CDATA[ Baltimore Orioles]]>
</value>
<value instanceof="10">
<![CDATA[ First Baseman]]>
</value>
</value>
<value instanceof="11">
<value instanceof="2">
<![CDATA[ 11]]>
</value>
<value instanceof="3">
<![CDATA[ Clayton, Royce]]>
</value>
<value instanceof="9">
<![CDATA[ Texas Rangers]]>
</value>
<value instanceof="10">
<![CDATA[ Short Stop]]>
</value>
</value>
<value instanceof="11">
<value instanceof="2">
<![CDATA[ 22]]>
</value>
<value instanceof="3">
<![CDATA[ Clemens, Roger]]>
</value>
<value instanceof="9">
<![CDATA[ New York Yankees]]>
</value>
<value instanceof="10">
<![CDATA[ Starting Pitcher]]>
</value>
</value>
<value instanceof="11">
<value instanceof="2">
<![CDATA[ 22]]>
</value>
<value instanceof="3">
<![CDATA[ Clemente, Edgard]]>
</value>
<value instanceof="9">
<![CDATA[ Anaheim Angels]]>
</value>
<value instanceof="10">
<![CDATA[ Left Fielder]]>
</value>
</value>
<value instanceof="11">
<value instanceof="2">
<![CDATA[ 31]]>
</value>
<value instanceof="3">
<![CDATA[ Clement, Matt]]>
</value>
<value instanceof="9">
<![CDATA[ San Diego Padres]]>
</value>
<value instanceof="10">
<![CDATA[ Starting Pitcher]]>
</value>
</value>
<value instanceof="11">
<value instanceof="2">
<![CDATA[ 29]]>
</value>
<value instanceof="3">
<![CDATA[ Coffie, Ivanon]]>
</value>
<value instanceof="9">
<![CDATA[ Baltimore Orioles]]>
</value>
<value instanceof="10">
<![CDATA[ Third Baseman]]>
</value>
</value>
<value instanceof="11">
<value instanceof="2">
<![CDATA[ 81]]>
</value>
<value instanceof="3">
<![CDATA[ Colangelo, Mike (DL)]]>
</value>
<value instanceof="9">
<![CDATA[ Anaheim Angels]]>
</value>
<value instanceof="10">
<![CDATA[ Left Fielder]]>
</value>
</value>
<value instanceof="11">
<value instanceof="2">
<![CDATA[ 28]]>
</value>
<value instanceof="3">
<![CDATA[ Colbrunn, Greg]]>
</value>
<value instanceof="9">
<![CDATA[ Arizona Diamondbacks]]>
</value>
<value instanceof="10">
<![CDATA[ First Baseman]]>
</value>
</value>
<value instanceof="11">
<value instanceof="2">
<![CDATA[ 44]]>
</value>
<value instanceof="3">
<![CDATA[ Coleman, Michael (DL)]]>
</value>
<value instanceof="9">
<![CDATA[ Boston Red Sox]]>
</value>
<value instanceof="10">
<![CDATA[ Center Fielder]]>
</value>
</value>
<value instanceof="11">
<value instanceof="2">
<![CDATA[ 40]]>
</value>
<value instanceof="3">
<![CDATA[ Colon, Bartolo]]>
</value>
<value instanceof="9">
<![CDATA[ Cleveland Indians]]>
</value>
<value instanceof="10">
<![CDATA[ Starting Pitcher]]>
</value>
</value>
<value instanceof="11">
<value instanceof="2">
<![CDATA[ 36]]>
</value>
<value instanceof="3">
<![CDATA[ Cone, David]]>
</value>
<value instanceof="9">
<![CDATA[ New York Yankees]]>
</value>
<value instanceof="10">
<![CDATA[ Starting Pitcher]]>
</value>
</value>
<value instanceof="11">
<value instanceof="2">
<![CDATA[ 18]]>
</value>
<value instanceof="3">
<![CDATA[ Conine, Jeff]]>
</value>
<value instanceof="9">
<![CDATA[ Baltimore Orioles]]>
</value>
<value instanceof="10">
<![CDATA[ First Baseman]]>
</value>
</value>
<value instanceof="11">
<value instanceof="2">
<![CDATA[ 27]]>
</value>
<value instanceof="3">
<![CDATA[ Cook, Dennis]]>
</value>
<value instanceof="9">
<![CDATA[ New York Mets]]>
</value>
<value instanceof="10">
<![CDATA[ Relief Pitcher]]>
</value>
</value>
<value instanceof="11">
<value instanceof="2">
<![CDATA[ 8]]>
</value>
<value instanceof="3">
<![CDATA[ Coomer, Ron]]>
</value>
<value instanceof="9">
<![CDATA[ Minnesota Twins]]>
</value>
<value instanceof="10">
<![CDATA[ First Baseman]]>
</value>
</value>
<value instanceof="11">
<value instanceof="2">
<![CDATA[ 45]]>
</value>
<value instanceof="3">
<![CDATA[ Cooper, Brian]]>
</value>
<value instanceof="9">
<![CDATA[ Anaheim Angels]]>
</value>
<value instanceof="10">
<![CDATA[ Starting Pitcher]]>
</value>
</value>
<value instanceof="11">
<value instanceof="2">
<![CDATA[ 32]]>
</value>
<value instanceof="3">
<![CDATA[ Coppinger, Rocky (DL)]]>
</value>
<value instanceof="9">
<![CDATA[ Milwaukee Brewers]]>
</value>
<value instanceof="10">
<![CDATA[ Starting Pitcher]]>
</value>
</value>
<value instanceof="11">
<value instanceof="2">
<![CDATA[ 3]]>
</value>
<value instanceof="3">
<![CDATA[ Cora, Alex]]>
</value>
<value instanceof="9">
<![CDATA[ Los Angeles Dodgers]]>
</value>
<value instanceof="10">
<![CDATA[ Short Stop]]>
</value>
</value>
<value instanceof="11">
<value instanceof="2">
<![CDATA[ 30]]>
</value>
<value instanceof="3">
<![CDATA[ Cordero, Francisco]]>
</value>
<value instanceof="9">
<![CDATA[ Texas Rangers]]>
</value>
<value instanceof="10">
<![CDATA[ Relief Pitcher]]>
</value>
</value>
<value instanceof="11">
<value instanceof="2">
<![CDATA[ 12]]>
</value>
<value instanceof="3">
<![CDATA[ Cordero, Wil]]>
</value>
<value instanceof="9">
<![CDATA[ Pittsburgh Pirates]]>
</value>
<value instanceof="10">
<![CDATA[ Left Fielder]]>
</value>
</value>
<value instanceof="11">
<value instanceof="2">
<![CDATA[ 67]]>
</value>
<value instanceof="3">
<![CDATA[ Cordova, Francisco (DL)]]>
</value>
<value instanceof="9">
<![CDATA[ Pittsburgh Pirates]]>
</value>
<value instanceof="10">
<![CDATA[ Starting Pitcher]]>
</value>
</value>
<value instanceof="11">
<value instanceof="2">
<![CDATA[ 15]]>
</value>
<value instanceof="3">
<![CDATA[ Cordova, Marty]]>
</value>
<value instanceof="9">
<![CDATA[ Toronto Blue Jays]]>
</value>
<value instanceof="10">
<![CDATA[ Left Fielder]]>
</value>
</value>
<value instanceof="11">
<value instanceof="2">
<![CDATA[ 37]]>
</value>
<value instanceof="3">
<![CDATA[ Cormier, Rheal]]>
</value>
<value instanceof="9">
<![CDATA[ Boston Red Sox]]>
</value>
<value instanceof="10">
<![CDATA[ Relief Pitcher]]>
</value>
</value>
<value instanceof="11">
<value instanceof="2">
<![CDATA[ 38]]>
</value>
<value instanceof="3">
<![CDATA[ Cornelius, Reid]]>
</value>
<value instanceof="9">
<![CDATA[ Florida Marlins]]>
</value>
<value instanceof="10">
<![CDATA[ Starting Pitcher]]>
</value>
</value>
<value instanceof="11">
<value instanceof="2">
<![CDATA[ 51]]>
</value>
<value instanceof="3">
<![CDATA[ Cortes, Dave (DL)]]>
</value>
<value instanceof="9">
<![CDATA[ Atlanta Braves]]>
</value>
<value instanceof="10">
<![CDATA[ Relief Pitcher]]>
</value>
</value>
<value instanceof="11">
<value instanceof="2">
<![CDATA[ 4]]>
</value>
<value instanceof="3">
<![CDATA[ Counsell, Craig]]>
</value>
<value instanceof="9">
<![CDATA[ Arizona Diamondbacks]]>
</value>
<value instanceof="10">
<![CDATA[ Third Baseman]]>
</value>
</value>
<value instanceof="11">
<value instanceof="2">
<![CDATA[ 28]]>
</value>
<value instanceof="3">
<![CDATA[ Cox, Steve]]>
</value>
<value instanceof="9">
<![CDATA[ Tampa Bay Devil Rays]]>
</value>
<value instanceof="10">
<![CDATA[ First Baseman]]>
</value>
</value>
<value instanceof="11">
<value instanceof="2">
<![CDATA[ 23]]>
</value>
<value instanceof="3">
<![CDATA[ Crabtree, Tim]]>
</value>
<value instanceof="9">
<![CDATA[ Texas Rangers]]>
</value>
<value instanceof="10">
<![CDATA[ Relief Pitcher]]>
</value>
</value>
<value instanceof="11">
<value instanceof="2">
<![CDATA[ 72]]>
</value>
<value instanceof="3">
<![CDATA[ Crawford, Joe]]>
</value>
<value instanceof="9">
<![CDATA[ Milwaukee Brewers]]>
</value>
<value instanceof="10">
<![CDATA[ Relief Pitcher]]>
</value>
</value>
<value instanceof="11">
<value instanceof="2">
<![CDATA[ 38]]>
</value>
<value instanceof="3">
<![CDATA[ Creek, Doug]]>
</value>
<value instanceof="9">
<![CDATA[ Tampa Bay Devil Rays]]>
</value>
<value instanceof="10">
<![CDATA[ Relief Pitcher]]>
</value>
</value>
<value instanceof="11">
<value instanceof="2">
<![CDATA[ 52]]>
</value>
<value instanceof="3">
<![CDATA[ Crespo, Felipe]]>
</value>
<value instanceof="9">
<![CDATA[ San Francisco Giants]]>
</value>
<value instanceof="10">
<![CDATA[ Left Fielder]]>
</value>
</value>
<value instanceof="11">
<value instanceof="2">
<![CDATA[ 59]]>
</value>
<value instanceof="3">
<![CDATA[ Cressend, Jack]]>
</value>
<value instanceof="9">
<![CDATA[ Minnesota Twins]]>
</value>
<value instanceof="10">
<![CDATA[ Pitcher]]>
</value>
</value>
<value instanceof="11">
<value instanceof="2">
<![CDATA[ 8]]>
</value>
<value instanceof="3">
<![CDATA[ Cruz, Deivi]]>
</value>
<value instanceof="9">
<![CDATA[ Detroit Tigers]]>
</value>
<value instanceof="10">
<![CDATA[ Short Stop]]>
</value>
</value>
<value instanceof="11">
<value instanceof="2">
<![CDATA[ 51]]>
</value>
<value instanceof="3">
<![CDATA[ Cruz, Jacob (DL)]]>
</value>
<value instanceof="9">
<![CDATA[ Cleveland Indians]]>
</value>
<value instanceof="10">
<![CDATA[ Center Fielder]]>
</value>
</value>
<value instanceof="11">
<value instanceof="2">
<![CDATA[ 23]]>
</value>
<value instanceof="3">
<![CDATA[ Cruz, Jose]]>
</value>
<value instanceof="9">
<![CDATA[ Toronto Blue Jays]]>
</value>
<value instanceof="10">
<![CDATA[ Center Fielder]]>
</value>
</value>
<value instanceof="11">
<value instanceof="2">
<![CDATA[ 40]]>
</value>
<value instanceof="3">
<![CDATA[ Cruz, Nelson]]>
</value>
<value instanceof="9">
<![CDATA[ Detroit Tigers]]>
</value>
<value instanceof="10">
<![CDATA[ Relief Pitcher]]>
</value>
</value>
<value instanceof="11">
<value instanceof="2">
<![CDATA[ 16]]>
</value>
<value instanceof="3">
<![CDATA[ Cummings, Midre]]>
</value>
<value instanceof="9">
<![CDATA[ Minnesota Twins]]>
</value>
<value instanceof="10">
<![CDATA[ Right Fielder]]>
</value>
</value>
<value instanceof="11">
<value instanceof="2">
<![CDATA[ 3]]>
</value>
<value instanceof="3">
<![CDATA[ Curtis, Chad]]>
</value>
<value instanceof="9">
<![CDATA[ Texas Rangers]]>
</value>
<value instanceof="10">
<![CDATA[ Left Fielder]]>
</value>
</value>
</value>
<value instanceof="15">
<value instanceof="14">
</value>
</value>
</value>

