<value instanceof="16">
<value instanceof="0">
<![CDATA[ E]]>
</value>
<value instanceof="1">
<![CDATA[ E]]>
</value>
<value instanceof="12">
<value instanceof="11">
<value instanceof="2">
<![CDATA[ 9]]>
</value>
<value instanceof="3">
<![CDATA[ Easley, Damion]]>
</value>
<value instanceof="9">
<![CDATA[ Detroit Tigers]]>
</value>
<value instanceof="10">
<![CDATA[ Second Baseman]]>
</value>
</value>
<value instanceof="11">
<value instanceof="2">
<![CDATA[ 53]]>
</value>
<value instanceof="3">
<![CDATA[ Eaton, Adam]]>
</value>
<value instanceof="9">
<![CDATA[ San Diego Padres]]>
</value>
<value instanceof="10">
<![CDATA[ Starting Pitcher]]>
</value>
</value>
<value instanceof="11">
<value instanceof="2">
<![CDATA[ 38]]>
</value>
<value instanceof="3">
<![CDATA[ Echevarria, Angel]]>
</value>
<value instanceof="9">
<![CDATA[ Milwaukee Brewers]]>
</value>
<value instanceof="10">
<![CDATA[ First Baseman]]>
</value>
</value>
<value instanceof="11">
<value instanceof="2">
<![CDATA[ 15]]>
</value>
<value instanceof="3">
<![CDATA[ Edmonds, Jim]]>
</value>
<value instanceof="9">
<![CDATA[ St. Louis Cardinals]]>
</value>
<value instanceof="10">
<![CDATA[ Center Fielder]]>
</value>
</value>
<value instanceof="11">
<value instanceof="2">
<![CDATA[ 20]]>
</value>
<value instanceof="3">
<![CDATA[ Edmondson, Brian (DL)]]>
</value>
<value instanceof="9">
<![CDATA[ Florida Marlins]]>
</value>
<value instanceof="10">
<![CDATA[ Relief Pitcher]]>
</value>
</value>
<value instanceof="11">
<value instanceof="2">
<![CDATA[ 48]]>
</value>
<value instanceof="3">
<![CDATA[ Eiland, Dave (DL)]]>
</value>
<value instanceof="9">
<![CDATA[ Tampa Bay Devil Rays]]>
</value>
<value instanceof="10">
<![CDATA[ Relief Pitcher]]>
</value>
</value>
<value instanceof="11">
<value instanceof="2">
<![CDATA[ 56]]>
</value>
<value instanceof="3">
<![CDATA[ Einertson, Darrell]]>
</value>
<value instanceof="9">
<![CDATA[ New York Yankees]]>
</value>
<value instanceof="10">
<![CDATA[ Relief Pitcher]]>
</value>
</value>
<value instanceof="11">
<value instanceof="2">
<![CDATA[ 50]]>
</value>
<value instanceof="3">
<![CDATA[ Elarton, Scott]]>
</value>
<value instanceof="9">
<![CDATA[ Houston Astros]]>
</value>
<value instanceof="10">
<![CDATA[ Starting Pitcher]]>
</value>
</value>
<value instanceof="11">
<value instanceof="2">
<![CDATA[ 21]]>
</value>
<value instanceof="3">
<![CDATA[ Eldred, Cal (DL)]]>
</value>
<value instanceof="9">
<![CDATA[ Chicago White Sox]]>
</value>
<value instanceof="10">
<![CDATA[ Starting Pitcher]]>
</value>
</value>
<value instanceof="11">
<value instanceof="2">
<![CDATA[ 55]]>
</value>
<value instanceof="3">
<![CDATA[ Ellis, Robert]]>
</value>
<value instanceof="9">
<![CDATA[ Toronto Blue Jays]]>
</value>
<value instanceof="10">
<![CDATA[ Relief Pitcher]]>
</value>
</value>
<value instanceof="11">
<value instanceof="2">
<![CDATA[ 43]]>
</value>
<value instanceof="3">
<![CDATA[ Elster, Kevin]]>
</value>
<value instanceof="9">
<![CDATA[ Los Angeles Dodgers]]>
</value>
<value instanceof="10">
<![CDATA[ Short Stop]]>
</value>
</value>
<value instanceof="11">
<value instanceof="2">
<![CDATA[ 56]]>
</value>
<value instanceof="3">
<![CDATA[ Embree, Alan]]>
</value>
<value instanceof="9">
<![CDATA[ San Francisco Giants]]>
</value>
<value instanceof="10">
<![CDATA[ Relief Pitcher]]>
</value>
</value>
<value instanceof="11">
<value instanceof="2">
<![CDATA[ 34]]>
</value>
<value instanceof="3">
<![CDATA[ Encarnacion, Juan]]>
</value>
<value instanceof="9">
<![CDATA[ Detroit Tigers]]>
</value>
<value instanceof="10">
<![CDATA[ Center Fielder]]>
</value>
</value>
<value instanceof="11">
<value instanceof="2">
<![CDATA[ 57]]>
</value>
<value instanceof="3">
<![CDATA[ Erdos, Todd]]>
</value>
<value instanceof="9">
<![CDATA[ San Diego Padres]]>
</value>
<value instanceof="10">
<![CDATA[ Relief Pitcher]]>
</value>
</value>
<value instanceof="11">
<value instanceof="2">
<![CDATA[ 19]]>
</value>
<value instanceof="3">
<![CDATA[ Erickson, Scott]]>
</value>
<value instanceof="9">
<![CDATA[ Baltimore Orioles]]>
</value>
<value instanceof="10">
<![CDATA[ Starting Pitcher]]>
</value>
</value>
<value instanceof="11">
<value instanceof="2">
<![CDATA[ 17]]>
</value>
<value instanceof="3">
<![CDATA[ Erstad, Darin]]>
</value>
<value instanceof="9">
<![CDATA[ Anaheim Angels]]>
</value>
<value instanceof="10">
<![CDATA[ Left Fielder]]>
</value>
</value>
<value instanceof="11">
<value instanceof="2">
<![CDATA[ 47]]>
</value>
<value instanceof="3">
<![CDATA[ Escobar, Kelvim]]>
</value>
<value instanceof="9">
<![CDATA[ Toronto Blue Jays]]>
</value>
<value instanceof="10">
<![CDATA[ Starting Pitcher]]>
</value>
</value>
<value instanceof="11">
<value instanceof="2">
<![CDATA[ 29]]>
</value>
<value instanceof="3">
<![CDATA[ Estalella, Bobby]]>
</value>
<value instanceof="9">
<![CDATA[ San Francisco Giants]]>
</value>
<value instanceof="10">
<![CDATA[ Catcher]]>
</value>
</value>
<value instanceof="11">
<value instanceof="2">
<![CDATA[ 55]]>
</value>
<value instanceof="3">
<![CDATA[ Estes, Shawn]]>
</value>
<value instanceof="9">
<![CDATA[ San Francisco Giants]]>
</value>
<value instanceof="10">
<![CDATA[ Starting Pitcher]]>
</value>
</value>
<value instanceof="11">
<value instanceof="2">
<![CDATA[ 35]]>
</value>
<value instanceof="3">
<![CDATA[ Etherton, Seth]]>
</value>
<value instanceof="9">
<![CDATA[ Anaheim Angels]]>
</value>
<value instanceof="10">
<![CDATA[ Starting Pitcher]]>
</value>
</value>
<value instanceof="11">
<value instanceof="2">
<![CDATA[ 20]]>
</value>
<value instanceof="3">
<![CDATA[ Eusebio, Tony]]>
</value>
<value instanceof="9">
<![CDATA[ Houston Astros]]>
</value>
<value instanceof="10">
<![CDATA[ Catcher]]>
</value>
</value>
<value instanceof="11">
<value instanceof="2">
<![CDATA[ 77]]>
</value>
<value instanceof="3">
<![CDATA[ Evans, Bart]]>
</value>
<value instanceof="9">
<![CDATA[ Detroit Tigers]]>
</value>
<value instanceof="10">
<![CDATA[ Relief Pitcher]]>
</value>
</value>
<value instanceof="11">
<value instanceof="2">
<![CDATA[ 6]]>
</value>
<value instanceof="3">
<![CDATA[ Evans, Tom (DL)]]>
</value>
<value instanceof="9">
<![CDATA[ Texas Rangers]]>
</value>
<value instanceof="10">
<![CDATA[ Third Baseman]]>
</value>
</value>
<value instanceof="11">
<value instanceof="2">
<![CDATA[ 2]]>
</value>
<value instanceof="3">
<![CDATA[ Everett, Carl]]>
</value>
<value instanceof="9">
<![CDATA[ Boston Red Sox]]>
</value>
<value instanceof="10">
<![CDATA[ Center Fielder]]>
</value>
</value>
</value>
<value instanceof="15">
<value instanceof="14">
</value>
</value>
</value>

