<value instanceof="20">
<value instanceof="0">
<![CDATA[ Acura]]>
</value>
<value instanceof="1">
<![CDATA[ Sedan]]>
</value>
<value instanceof="2">
<![CDATA[ 3]]>
</value>
<value instanceof="3">
<![CDATA[ 3]]>
</value>
<value instanceof="4">
<![CDATA[ TL]]>
</value>
<value instanceof="5">
<![CDATA[ Acura]]>
</value>
<value instanceof="6">
<![CDATA[ $29,030]]>
</value>
<value instanceof="7">
<![CDATA[ $31,030]]>
</value>
<value instanceof="16">
<value instanceof="15">
<value instanceof="8">
</value>
<value instanceof="14">
<value instanceof="9">
<![CDATA[ 2.]]>
</value>
<value instanceof="10">
<![CDATA[ 2000 Integra]]>
</value>
<value instanceof="11">
<![CDATA[ Acura]]>
</value>
<value instanceof="12">
<![CDATA[ $19,780]]>
</value>
<value instanceof="13">
<![CDATA[ $24,830]]>
</value>
</value>
<value instanceof="8">
</value>
<value instanceof="14">
<value instanceof="9">
<![CDATA[ 3.]]>
</value>
<value instanceof="10">
<![CDATA[ 2000 RL]]>
</value>
<value instanceof="11">
<![CDATA[ Acura]]>
</value>
<value instanceof="12">
<![CDATA[ $42,480]]>
</value>
<value instanceof="13">
<![CDATA[ $44,480]]>
</value>
</value>
<value instanceof="8">
</value>
</value>
</value>
<value instanceof="18">
<![CDATA[ 3]]>
</value>
<value instanceof="19">
<![CDATA[ 3]]>
</value>
</value>

