<value instanceof="20">
<value instanceof="0">
<![CDATA[ Volvo]]>
</value>
<value instanceof="1">
<![CDATA[ Wagon]]>
</value>
<value instanceof="2">
<![CDATA[ 3]]>
</value>
<value instanceof="3">
<![CDATA[ 3]]>
</value>
<value instanceof="4">
<![CDATA[ V70]]>
</value>
<value instanceof="5">
<![CDATA[ Volvo]]>
</value>
<value instanceof="6">
<![CDATA[ $32,975]]>
</value>
<value instanceof="7">
<![CDATA[ $33,975]]>
</value>
<value instanceof="16">
<value instanceof="15">
<value instanceof="8">
</value>
<value instanceof="14">
<value instanceof="9">
<![CDATA[ 2.]]>
</value>
<value instanceof="10">
<![CDATA[ 2001 V40]]>
</value>
<value instanceof="11">
<![CDATA[ Volvo]]>
</value>
<value instanceof="12">
<![CDATA[ $25,075]]>
</value>
<value instanceof="13">
<![CDATA[ $25,075]]>
</value>
</value>
<value instanceof="8">
</value>
<value instanceof="14">
<value instanceof="9">
<![CDATA[ 3.]]>
</value>
<value instanceof="10">
<![CDATA[ 2001 V70 XC]]>
</value>
<value instanceof="11">
<![CDATA[ Volvo]]>
</value>
<value instanceof="12">
<![CDATA[ $35,475]]>
</value>
<value instanceof="13">
<![CDATA[ $35,475]]>
</value>
</value>
<value instanceof="8">
</value>
</value>
</value>
<value instanceof="18">
<![CDATA[ 3]]>
</value>
<value instanceof="19">
<![CDATA[ 3]]>
</value>
</value>

