<value instanceof="20">
<value instanceof="0">
<![CDATA[ Mercedes]]>
</value>
<value instanceof="1">
<![CDATA[ Coupe]]>
</value>
<value instanceof="2">
<![CDATA[ 2]]>
</value>
<value instanceof="3">
<![CDATA[ 2]]>
</value>
<value instanceof="4">
<![CDATA[ CLK-Class]]>
</value>
<value instanceof="5">
<![CDATA[ Mercedes]]>
</value>
<value instanceof="6">
<![CDATA[ $42,595]]>
</value>
<value instanceof="7">
<![CDATA[ $68,045]]>
</value>
<value instanceof="16">
<value instanceof="15">
<value instanceof="8">
</value>
<value instanceof="14">
<value instanceof="9">
<![CDATA[ 2.]]>
</value>
<value instanceof="10">
<![CDATA[ 2001 CL-Class]]>
</value>
<value instanceof="11">
<![CDATA[ Mercedes]]>
</value>
<value instanceof="12">
<![CDATA[ $88,145]]>
</value>
<value instanceof="13">
<![CDATA[ $117,845]]>
</value>
</value>
<value instanceof="8">
</value>
</value>
</value>
<value instanceof="18">
<![CDATA[ 2]]>
</value>
<value instanceof="19">
<![CDATA[ 2]]>
</value>
</value>

