<value instanceof="20">
<value instanceof="0">
<![CDATA[ Mercedes]]>
</value>
<value instanceof="1">
<![CDATA[ Wagon]]>
</value>
<value instanceof="2">
<![CDATA[ 1]]>
</value>
<value instanceof="3">
<![CDATA[ 1]]>
</value>
<value instanceof="4">
<![CDATA[ E-Class]]>
</value>
<value instanceof="5">
<![CDATA[ Mercedes]]>
</value>
<value instanceof="6">
<![CDATA[ $48,495]]>
</value>
<value instanceof="7">
<![CDATA[ $70,945]]>
</value>
<value instanceof="16">
<value instanceof="15">
<value instanceof="8">
</value>
</value>
</value>
<value instanceof="18">
<![CDATA[ 1]]>
</value>
<value instanceof="19">
<![CDATA[ 1]]>
</value>
</value>

