<value instanceof="20">
<value instanceof="0">
<![CDATA[ Audi]]>
</value>
<value instanceof="1">
<![CDATA[ Sedan]]>
</value>
<value instanceof="2">
<![CDATA[ 4]]>
</value>
<value instanceof="3">
<![CDATA[ 4]]>
</value>
<value instanceof="4">
<![CDATA[ A4]]>
</value>
<value instanceof="5">
<![CDATA[ Audi]]>
</value>
<value instanceof="6">
<![CDATA[ $25,090]]>
</value>
<value instanceof="7">
<![CDATA[ $32,540]]>
</value>
<value instanceof="16">
<value instanceof="15">
<value instanceof="8">
</value>
<value instanceof="14">
<value instanceof="9">
<![CDATA[ 2.]]>
</value>
<value instanceof="10">
<![CDATA[ 2001 A6]]>
</value>
<value instanceof="11">
<![CDATA[ Audi]]>
</value>
<value instanceof="12">
<![CDATA[ $34,950]]>
</value>
<value instanceof="13">
<![CDATA[ $49,950]]>
</value>
</value>
<value instanceof="8">
</value>
<value instanceof="14">
<value instanceof="9">
<![CDATA[ 3.]]>
</value>
<value instanceof="10">
<![CDATA[ 2001 S4]]>
</value>
<value instanceof="11">
<![CDATA[ Audi]]>
</value>
<value instanceof="12">
<![CDATA[ $39,450]]>
</value>
<value instanceof="13">
<![CDATA[ $39,450]]>
</value>
</value>
<value instanceof="8">
</value>
<value instanceof="14">
<value instanceof="9">
<![CDATA[ 4.]]>
</value>
<value instanceof="10">
<![CDATA[ 2001 A8]]>
</value>
<value instanceof="11">
<![CDATA[ Audi]]>
</value>
<value instanceof="12">
<![CDATA[ $62,750]]>
</value>
<value instanceof="13">
<![CDATA[ $68,450]]>
</value>
</value>
<value instanceof="8">
</value>
</value>
</value>
<value instanceof="18">
<![CDATA[ 4]]>
</value>
<value instanceof="19">
<![CDATA[ 4]]>
</value>
</value>

