<value instanceof="14">
<value instanceof="3">
<value instanceof="0">
</value>
</value>
<value instanceof="4">
<![CDATA[ B]]>
</value>
<value instanceof="9">
<value instanceof="8">
</value>
</value>
<value instanceof="10">
<![CDATA[ B]]>
</value>
<value instanceof="13">
<value instanceof="12">
<value instanceof="11">
<![CDATA[ B-52's]]>
</value>
</value>
<value instanceof="12">
<value instanceof="11">
<![CDATA[ B-Movie]]>
</value>
</value>
<value instanceof="12">
<value instanceof="11">
<![CDATA[ B.G.K.]]>
</value>
</value>
<value instanceof="12">
<value instanceof="11">
<![CDATA[ BONECrUSHER]]>
</value>
</value>
<value instanceof="12">
<value instanceof="11">
<![CDATA[ BT]]>
</value>
</value>
<value instanceof="12">
<value instanceof="11">
<![CDATA[ Babes In Toyland]]>
</value>
</value>
<value instanceof="12">
<value instanceof="11">
<![CDATA[ Babies, Backyard]]>
</value>
</value>
<value instanceof="12">
<value instanceof="11">
<![CDATA[ Baby Bird]]>
</value>
</value>
<value instanceof="12">
<value instanceof="11">
<![CDATA[ Baby Bird]]>
</value>
</value>
<value instanceof="12">
<value instanceof="11">
<![CDATA[ Baby Gopal]]>
</value>
</value>
<value instanceof="12">
<value instanceof="11">
<![CDATA[ Bacharach, Burt]]>
</value>
</value>
<value instanceof="12">
<value instanceof="11">
<![CDATA[ Bad Brains]]>
</value>
</value>
<value instanceof="12">
<value instanceof="11">
<![CDATA[ Bad Livers]]>
</value>
</value>
<value instanceof="12">
<value instanceof="11">
<![CDATA[ Bad Manners]]>
</value>
</value>
<value instanceof="12">
<value instanceof="11">
<![CDATA[ Bad Religion]]>
</value>
</value>
<value instanceof="12">
<value instanceof="11">
<![CDATA[ Badly Drawn Boy]]>
</value>
</value>
<value instanceof="12">
<value instanceof="11">
<![CDATA[ Badtown Boys]]>
</value>
</value>
<value instanceof="12">
<value instanceof="11">
<![CDATA[ Baha Men]]>
</value>
</value>
<value instanceof="12">
<value instanceof="11">
<![CDATA[ Baker]]>
</value>
</value>
<value instanceof="12">
<value instanceof="11">
<![CDATA[ Baktabak Interview (Series)]]>
</value>
</value>
<value instanceof="12">
<value instanceof="11">
<![CDATA[ Balaam & the Angel]]>
</value>
</value>
<value instanceof="12">
<value instanceof="11">
<![CDATA[ Bamm Hollow]]>
</value>
</value>
<value instanceof="12">
<value instanceof="11">
<![CDATA[ Banana Slug String Band]]>
</value>
</value>
<value instanceof="12">
<value instanceof="11">
<![CDATA[ Bananarama]]>
</value>
</value>
<value instanceof="12">
<value instanceof="11">
<![CDATA[ Band, Rollins]]>
</value>
</value>
<value instanceof="12">
<value instanceof="11">
<![CDATA[ Bane]]>
</value>
</value>
<value instanceof="12">
<value instanceof="11">
<![CDATA[ Bang On A Can]]>
</value>
</value>
<value instanceof="12">
<value instanceof="11">
<![CDATA[ The Bangles]]>
</value>
</value>
<value instanceof="12">
<value instanceof="11">
<![CDATA[ Bangs]]>
</value>
</value>
<value instanceof="12">
<value instanceof="11">
<![CDATA[ Bantam Rooster]]>
</value>
</value>
<value instanceof="12">
<value instanceof="11">
<![CDATA[ Barbarians]]>
</value>
</value>
<value instanceof="12">
<value instanceof="11">
<![CDATA[ Barbeau, Anton]]>
</value>
</value>
<value instanceof="12">
<value instanceof="11">
<![CDATA[ Bardo Pond]]>
</value>
</value>
<value instanceof="12">
<value instanceof="11">
<![CDATA[ Barenaked Ladies]]>
</value>
</value>
<value instanceof="12">
<value instanceof="11">
<![CDATA[ Bargeld, Blixa]]>
</value>
</value>
<value instanceof="12">
<value instanceof="11">
<![CDATA[ Bark Psychosis]]>
</value>
</value>
<value instanceof="12">
<value instanceof="11">
<![CDATA[ Barlow, Lou]]>
</value>
</value>
<value instanceof="12">
<value instanceof="11">
<![CDATA[ Barney's Great Adventure (bb)]]>
</value>
</value>
<value instanceof="12">
<value instanceof="11">
<![CDATA[ Barracudas]]>
</value>
</value>
<value instanceof="12">
<value instanceof="11">
<![CDATA[ Barry, John]]>
</value>
</value>
<value instanceof="12">
<value instanceof="11">
<![CDATA[ Basil, Toni]]>
</value>
</value>
<value instanceof="12">
<value instanceof="11">
<![CDATA[ Bates, Martyn]]>
</value>
</value>
<value instanceof="12">
<value instanceof="11">
<![CDATA[ Bators, Stiv]]>
</value>
</value>
<value instanceof="12">
<value instanceof="11">
<![CDATA[ Bats]]>
</value>
</value>
<value instanceof="12">
<value instanceof="11">
<![CDATA[ Battalion Of Saints]]>
</value>
</value>
<value instanceof="12">
<value instanceof="11">
<![CDATA[ Battalion Of Saints A.d.]]>
</value>
</value>
<value instanceof="12">
<value instanceof="11">
<![CDATA[ Battery]]>
</value>
</value>
<value instanceof="12">
<value instanceof="11">
<![CDATA[ Batz, Guana]]>
</value>
</value>
<value instanceof="12">
<value instanceof="11">
<![CDATA[ Bauhaus]]>
</value>
</value>
<value instanceof="12">
<value instanceof="11">
<![CDATA[ Bauhaus (Tribute)]]>
</value>
</value>
<value instanceof="12">
<value instanceof="11">
<![CDATA[ Beastie Boys]]>
</value>
</value>
<value instanceof="12">
<value instanceof="11">
<![CDATA[ Beat Happening]]>
</value>
</value>
<value instanceof="12">
<value instanceof="11">
<![CDATA[ Beat, International]]>
</value>
</value>
<value instanceof="12">
<value instanceof="11">
<![CDATA[ Beatnigs]]>
</value>
</value>
<value instanceof="12">
<value instanceof="11">
<![CDATA[ Beautiful Authentic Zoo Gods]]>
</value>
</value>
<value instanceof="12">
<value instanceof="11">
<![CDATA[ Beautiful People]]>
</value>
</value>
<value instanceof="12">
<value instanceof="11">
<![CDATA[ Beautiful South]]>
</value>
</value>
<value instanceof="12">
<value instanceof="11">
<![CDATA[ Beck]]>
</value>
</value>
<value instanceof="12">
<value instanceof="11">
<![CDATA[ Becoming]]>
</value>
</value>
<value instanceof="12">
<value instanceof="11">
<![CDATA[ Bedford, David]]>
</value>
</value>
<value instanceof="12">
<value instanceof="11">
<![CDATA[ Bedhead]]>
</value>
</value>
<value instanceof="12">
<value instanceof="11">
<![CDATA[ Beefcake]]>
</value>
</value>
<value instanceof="12">
<value instanceof="11">
<![CDATA[ Beefeater]]>
</value>
</value>
<value instanceof="12">
<value instanceof="11">
<![CDATA[ Beekeeper]]>
</value>
</value>
<value instanceof="12">
<value instanceof="11">
<![CDATA[ Beer Nuts]]>
</value>
</value>
<value instanceof="12">
<value instanceof="11">
<![CDATA[ Beezus]]>
</value>
</value>
<value instanceof="12">
<value instanceof="11">
<![CDATA[ Before You Were Punk (Series)]]>
</value>
</value>
<value instanceof="12">
<value instanceof="11">
<![CDATA[ Beguiled]]>
</value>
</value>
<value instanceof="12">
<value instanceof="11">
<![CDATA[ Beldon]]>
</value>
</value>
<value instanceof="12">
<value instanceof="11">
<![CDATA[ Belew, Adrian]]>
</value>
</value>
<value instanceof="12">
<value instanceof="11">
<![CDATA[ Bell Book & Candle]]>
</value>
</value>
<value instanceof="12">
<value instanceof="11">
<![CDATA[ Belle & Sebastian]]>
</value>
</value>
<value instanceof="12">
<value instanceof="11">
<![CDATA[ The Bellows]]>
</value>
</value>
<value instanceof="12">
<value instanceof="11">
<![CDATA[ Bells]]>
</value>
</value>
<value instanceof="12">
<value instanceof="11">
<![CDATA[ Bellwether]]>
</value>
</value>
<value instanceof="12">
<value instanceof="11">
<![CDATA[ Beloved]]>
</value>
</value>
<value instanceof="12">
<value instanceof="11">
<![CDATA[ Beltones]]>
</value>
</value>
<value instanceof="12">
<value instanceof="11">
<![CDATA[ Ben Folds Five]]>
</value>
</value>
<value instanceof="12">
<value instanceof="11">
<![CDATA[ Benatar, Pat]]>
</value>
</value>
<value instanceof="12">
<value instanceof="11">
<![CDATA[ Bennett, Samm]]>
</value>
</value>
<value instanceof="12">
<value instanceof="11">
<![CDATA[ Bennett, Samm & Chunk]]>
</value>
</value>
<value instanceof="12">
<value instanceof="11">
<![CDATA[ Benson, Brendan]]>
</value>
</value>
<value instanceof="12">
<value instanceof="11">
<![CDATA[ Bent Scepters, The]]>
</value>
</value>
<value instanceof="12">
<value instanceof="11">
<![CDATA[ Beretta, Ann]]>
</value>
</value>
<value instanceof="12">
<value instanceof="11">
<![CDATA[ Berlin]]>
</value>
</value>
<value instanceof="12">
<value instanceof="11">
<![CDATA[ Best Album In The World Ever (Series)]]>
</value>
</value>
<value instanceof="12">
<value instanceof="11">
<![CDATA[ Beta Band]]>
</value>
</value>
<value instanceof="12">
<value instanceof="11">
<![CDATA[ Beta Minus Mechanic]]>
</value>
</value>
<value instanceof="12">
<value instanceof="11">
<![CDATA[ Better Dead Than Red]]>
</value>
</value>
<value instanceof="12">
<value instanceof="11">
<![CDATA[ Better Than A Thousand]]>
</value>
</value>
<value instanceof="12">
<value instanceof="11">
<![CDATA[ Better Than Ezra]]>
</value>
</value>
<value instanceof="12">
<value instanceof="11">
<![CDATA[ Bettie Serveert]]>
</value>
</value>
<value instanceof="12">
<value instanceof="11">
<![CDATA[ Beulah]]>
</value>
</value>
<value instanceof="12">
<value instanceof="11">
<![CDATA[ Bevis Frond]]>
</value>
</value>
<value instanceof="12">
<value instanceof="11">
<![CDATA[ Bewitched]]>
</value>
</value>
<value instanceof="12">
<value instanceof="11">
<![CDATA[ Beyond]]>
</value>
</value>
<value instanceof="12">
<value instanceof="11">
<![CDATA[ Biafra, Jello]]>
</value>
</value>
<value instanceof="12">
<value instanceof="11">
<![CDATA[ Biafra/Nomeansno]]>
</value>
</value>
<value instanceof="12">
<value instanceof="11">
<![CDATA[ Bianco, Matt]]>
</value>
</value>
<value instanceof="12">
<value instanceof="11">
<![CDATA[ Bickley]]>
</value>
</value>
<value instanceof="12">
<value instanceof="11">
<![CDATA[ Big 5]]>
</value>
</value>
<value instanceof="12">
<value instanceof="11">
<![CDATA[ Big Bad Bollocks]]>
</value>
</value>
<value instanceof="12">
<value instanceof="11">
<![CDATA[ Big Bad Voodoo Daddy]]>
</value>
</value>
<value instanceof="12">
<value instanceof="11">
<![CDATA[ Big Black]]>
</value>
</value>
<value instanceof="12">
<value instanceof="11">
<![CDATA[ Big Boys]]>
</value>
</value>
<value instanceof="12">
<value instanceof="11">
<![CDATA[ Big Chief]]>
</value>
</value>
<value instanceof="12">
<value instanceof="11">
<![CDATA[ Big Country]]>
</value>
</value>
<value instanceof="12">
<value instanceof="11">
<![CDATA[ Big D & Kide Table]]>
</value>
</value>
<value instanceof="12">
<value instanceof="11">
<![CDATA[ Big Drill Car]]>
</value>
</value>
<value instanceof="12">
<value instanceof="11">
<![CDATA[ Big Earth]]>
</value>
</value>
<value instanceof="12">
<value instanceof="11">
<![CDATA[ Big Electric Cat]]>
</value>
</value>
<value instanceof="12">
<value instanceof="11">
<![CDATA[ Big Fat Love]]>
</value>
</value>
<value instanceof="12">
<value instanceof="11">
<![CDATA[ Big Hair]]>
</value>
</value>
<value instanceof="12">
<value instanceof="11">
<![CDATA[ Big Rig]]>
</value>
</value>
<value instanceof="12">
<value instanceof="11">
<![CDATA[ Big Star]]>
</value>
</value>
<value instanceof="12">
<value instanceof="11">
<![CDATA[ Big Wig]]>
</value>
</value>
<value instanceof="12">
<value instanceof="11">
<![CDATA[ Big Wu, The]]>
</value>
</value>
<value instanceof="12">
<value instanceof="11">
<![CDATA[ Bikini Kill]]>
</value>
</value>
<value instanceof="12">
<value instanceof="11">
<![CDATA[ Bill Ding]]>
</value>
</value>
<value instanceof="12">
<value instanceof="11">
<![CDATA[ Billy Childish]]>
</value>
</value>
<value instanceof="12">
<value instanceof="11">
<![CDATA[ Bim Skala Bim]]>
</value>
</value>
<value instanceof="12">
<value instanceof="11">
<![CDATA[ Binkley, Nick]]>
</value>
</value>
<value instanceof="12">
<value instanceof="11">
<![CDATA[ Biohazard]]>
</value>
</value>
<value instanceof="12">
<value instanceof="11">
<![CDATA[ Bionic Finger]]>
</value>
</value>
<value instanceof="12">
<value instanceof="11">
<![CDATA[ Birdie]]>
</value>
</value>
<value instanceof="12">
<value instanceof="11">
<![CDATA[ Birdsaw]]>
</value>
</value>
<value instanceof="12">
<value instanceof="11">
<![CDATA[ Birmingham 6]]>
</value>
</value>
<value instanceof="12">
<value instanceof="11">
<![CDATA[ Birth, Vehicle]]>
</value>
</value>
<value instanceof="12">
<value instanceof="11">
<![CDATA[ Birthday Party, The]]>
</value>
</value>
<value instanceof="12">
<value instanceof="11">
<![CDATA[ Bis]]>
</value>
</value>
<value instanceof="12">
<value instanceof="11">
<![CDATA[ Bis]]>
</value>
</value>
<value instanceof="12">
<value instanceof="11">
<![CDATA[ Bitch Magnet]]>
</value>
</value>
<value instanceof="12">
<value instanceof="11">
<![CDATA[ Bitchcraft]]>
</value>
</value>
<value instanceof="12">
<value instanceof="11">
<![CDATA[ Bitchin' Wheels]]>
</value>
</value>
<value instanceof="12">
<value instanceof="11">
<![CDATA[ Biznautics]]>
</value>
</value>
<value instanceof="12">
<value instanceof="11">
<![CDATA[ Bjork]]>
</value>
</value>
<value instanceof="12">
<value instanceof="11">
<![CDATA[ Bl'ast]]>
</value>
</value>
<value instanceof="12">
<value instanceof="11">
<![CDATA[ Black Box Recorder]]>
</value>
</value>
<value instanceof="12">
<value instanceof="11">
<![CDATA[ Black Eyed Peas]]>
</value>
</value>
<value instanceof="12">
<value instanceof="11">
<![CDATA[ Black Flag]]>
</value>
</value>
<value instanceof="12">
<value instanceof="11">
<![CDATA[ Black Grape]]>
</value>
</value>
<value instanceof="12">
<value instanceof="11">
<![CDATA[ Black Halos]]>
</value>
</value>
<value instanceof="12">
<value instanceof="11">
<![CDATA[ Black Kali Ma]]>
</value>
</value>
<value instanceof="12">
<value instanceof="11">
<![CDATA[ Black Market Baby]]>
</value>
</value>
<value instanceof="12">
<value instanceof="11">
<![CDATA[ Black Swan Network]]>
</value>
</value>
<value instanceof="12">
<value instanceof="11">
<![CDATA[ Black Tape For A Blue Girl]]>
</value>
</value>
<value instanceof="12">
<value instanceof="11">
<![CDATA[ Blag Dahlia]]>
</value>
</value>
<value instanceof="12">
<value instanceof="11">
<![CDATA[ Blamed]]>
</value>
</value>
<value instanceof="12">
<value instanceof="11">
<![CDATA[ Blanket]]>
</value>
</value>
<value instanceof="12">
<value instanceof="11">
<![CDATA[ Blanks 77]]>
</value>
</value>
<value instanceof="12">
<value instanceof="11">
<![CDATA[ Blegvad, Peter]]>
</value>
</value>
<value instanceof="12">
<value instanceof="11">
<![CDATA[ Blenderhead]]>
</value>
</value>
<value instanceof="12">
<value instanceof="11">
<![CDATA[ Blessid Union Of Souls]]>
</value>
</value>
<value instanceof="12">
<value instanceof="11">
<![CDATA[ Blind Idiot God]]>
</value>
</value>
<value instanceof="12">
<value instanceof="11">
<![CDATA[ Blind Man's Sun]]>
</value>
</value>
<value instanceof="12">
<value instanceof="11">
<![CDATA[ Blind Passengers]]>
</value>
</value>
<value instanceof="12">
<value instanceof="11">
<![CDATA[ Blind Pigs]]>
</value>
</value>
<value instanceof="12">
<value instanceof="11">
<![CDATA[ Blindside]]>
</value>
</value>
<value instanceof="12">
<value instanceof="11">
<![CDATA[ Blink 182]]>
</value>
</value>
<value instanceof="12">
<value instanceof="11">
<![CDATA[ Blink Twice]]>
</value>
</value>
<value instanceof="12">
<value instanceof="11">
<![CDATA[ Blinker The Star]]>
</value>
</value>
<value instanceof="12">
<value instanceof="11">
<![CDATA[ Blitz]]>
</value>
</value>
<value instanceof="12">
<value instanceof="11">
<![CDATA[ Blitz, May]]>
</value>
</value>
<value instanceof="12">
<value instanceof="11">
<![CDATA[ Blitzed]]>
</value>
</value>
<value instanceof="12">
<value instanceof="11">
<![CDATA[ Blitzkrieg]]>
</value>
</value>
<value instanceof="12">
<value instanceof="11">
<![CDATA[ Blonde Redhead]]>
</value>
</value>
<value instanceof="12">
<value instanceof="11">
<![CDATA[ Blondie]]>
</value>
</value>
<value instanceof="12">
<value instanceof="11">
<![CDATA[ Blondie (Tribute)]]>
</value>
</value>
<value instanceof="12">
<value instanceof="11">
<![CDATA[ Blood]]>
</value>
</value>
<value instanceof="12">
<value instanceof="11">
<![CDATA[ Blood Axis]]>
</value>
</value>
<value instanceof="12">
<value instanceof="11">
<![CDATA[ Blood For Blood]]>
</value>
</value>
<value instanceof="12">
<value instanceof="11">
<![CDATA[ Bloodhound Gang]]>
</value>
</value>
<value instanceof="12">
<value instanceof="11">
<![CDATA[ Bloodlet]]>
</value>
</value>
<value instanceof="12">
<value instanceof="11">
<![CDATA[ Bloodline]]>
</value>
</value>
<value instanceof="12">
<value instanceof="11">
<![CDATA[ Bloody Stools]]>
</value>
</value>
<value instanceof="12">
<value instanceof="11">
<![CDATA[ Blount]]>
</value>
</value>
<value instanceof="12">
<value instanceof="11">
<![CDATA[ Blow]]>
</value>
</value>
<value instanceof="12">
<value instanceof="11">
<![CDATA[ Blow Monkeys]]>
</value>
</value>
<value instanceof="12">
<value instanceof="11">
<![CDATA[ Blowtorch]]>
</value>
</value>
<value instanceof="12">
<value instanceof="11">
<![CDATA[ Blowtorch, Betty]]>
</value>
</value>
<value instanceof="12">
<value instanceof="11">
<![CDATA[ Blue Bird]]>
</value>
</value>
<value instanceof="12">
<value instanceof="11">
<![CDATA[ Blue Man Group]]>
</value>
</value>
<value instanceof="12">
<value instanceof="11">
<![CDATA[ Blue Meanies]]>
</value>
</value>
<value instanceof="12">
<value instanceof="11">
<![CDATA[ Blue Nile]]>
</value>
</value>
<value instanceof="12">
<value instanceof="11">
<![CDATA[ Blue Stars, Trembling]]>
</value>
</value>
<value instanceof="12">
<value instanceof="11">
<![CDATA[ Blue Stingrays]]>
</value>
</value>
<value instanceof="12">
<value instanceof="11">
<![CDATA[ Blue Tip]]>
</value>
</value>
<value instanceof="12">
<value instanceof="11">
<![CDATA[ The Blue Tree Project]]>
</value>
</value>
<value instanceof="12">
<value instanceof="11">
<![CDATA[ Blue, Deacon]]>
</value>
</value>
<value instanceof="12">
<value instanceof="11">
<![CDATA[ Bluebeats]]>
</value>
</value>
<value instanceof="12">
<value instanceof="11">
<![CDATA[ Bluebells]]>
</value>
</value>
<value instanceof="12">
<value instanceof="11">
<![CDATA[ Bluebird]]>
</value>
</value>
<value instanceof="12">
<value instanceof="11">
<![CDATA[ Bluekilla]]>
</value>
</value>
<value instanceof="12">
<value instanceof="11">
<![CDATA[ Blues Busters]]>
</value>
</value>
<value instanceof="12">
<value instanceof="11">
<![CDATA[ Bluetip]]>
</value>
</value>
<value instanceof="12">
<value instanceof="11">
<![CDATA[ Bluetones]]>
</value>
</value>
<value instanceof="12">
<value instanceof="11">
<![CDATA[ Blur]]>
</value>
</value>
<value instanceof="12">
<value instanceof="11">
<![CDATA[ Blyth Power]]>
</value>
</value>
<value instanceof="12">
<value instanceof="11">
<![CDATA[ Bmx Bandits]]>
</value>
</value>
<value instanceof="12">
<value instanceof="11">
<![CDATA[ BoDeans]]>
</value>
</value>
<value instanceof="12">
<value instanceof="11">
<![CDATA[ Boards Of Canada]]>
</value>
</value>
<value instanceof="12">
<value instanceof="11">
<![CDATA[ Bob Geldof & The Boomtown Rats]]>
</value>
</value>
<value instanceof="12">
<value instanceof="11">
<![CDATA[ Bodies]]>
</value>
</value>
<value instanceof="12">
<value instanceof="11">
<![CDATA[ Bodychoke]]>
</value>
</value>
<value instanceof="12">
<value instanceof="11">
<![CDATA[ Bodyjar]]>
</value>
</value>
<value instanceof="12">
<value instanceof="11">
<![CDATA[ Boiled In Lead]]>
</value>
</value>
<value instanceof="12">
<value instanceof="11">
<![CDATA[ Boingo, Oingo]]>
</value>
</value>
<value instanceof="12">
<value instanceof="11">
<![CDATA[ Bolan & T Rex, Marc]]>
</value>
</value>
<value instanceof="12">
<value instanceof="11">
<![CDATA[ Bold]]>
</value>
</value>
<value instanceof="12">
<value instanceof="11">
<![CDATA[ The Bollweevils]]>
</value>
</value>
<value instanceof="12">
<value instanceof="11">
<![CDATA[ Bollweevils, The]]>
</value>
</value>
<value instanceof="12">
<value instanceof="11">
<![CDATA[ The Bolshoi]]>
</value>
</value>
<value instanceof="12">
<value instanceof="11">
<![CDATA[ Bomb 20]]>
</value>
</value>
<value instanceof="12">
<value instanceof="11">
<![CDATA[ Bombshell Rocks]]>
</value>
</value>
<value instanceof="12">
<value instanceof="11">
<![CDATA[ Bombshell Rocks]]>
</value>
</value>
<value instanceof="12">
<value instanceof="11">
<![CDATA[ Bone Crusher]]>
</value>
</value>
<value instanceof="12">
<value instanceof="11">
<![CDATA[ Bone, Richard]]>
</value>
</value>
<value instanceof="12">
<value instanceof="11">
<![CDATA[ Bones, Broken]]>
</value>
</value>
<value instanceof="12">
<value instanceof="11">
<![CDATA[ Bonfire Madigan]]>
</value>
</value>
<value instanceof="12">
<value instanceof="11">
<![CDATA[ Bong Water Taffy]]>
</value>
</value>
<value instanceof="12">
<value instanceof="11">
<![CDATA[ Bongwater]]>
</value>
</value>
<value instanceof="12">
<value instanceof="11">
<![CDATA[ Bonzo Dog Band]]>
</value>
</value>
<value instanceof="12">
<value instanceof="11">
<![CDATA[ Boo Radleys]]>
</value>
</value>
<value instanceof="12">
<value instanceof="11">
<![CDATA[ Booked]]>
</value>
</value>
<value instanceof="12">
<value instanceof="11">
<![CDATA[ Boom Hank]]>
</value>
</value>
<value instanceof="12">
<value instanceof="11">
<![CDATA[ Boondocks]]>
</value>
</value>
<value instanceof="12">
<value instanceof="11">
<![CDATA[ Boredoms]]>
</value>
</value>
<value instanceof="12">
<value instanceof="11">
<![CDATA[ Boris The Sprinkler]]>
</value>
</value>
<value instanceof="12">
<value instanceof="11">
<![CDATA[ Born Against]]>
</value>
</value>
<value instanceof="12">
<value instanceof="11">
<![CDATA[ Boss Hog]]>
</value>
</value>
<value instanceof="12">
<value instanceof="11">
<![CDATA[ Botch]]>
</value>
</value>
<value instanceof="12">
<value instanceof="11">
<![CDATA[ Both Worlds]]>
</value>
</value>
<value instanceof="12">
<value instanceof="11">
<![CDATA[ Bottle Rockets]]>
</value>
</value>
<value instanceof="12">
<value instanceof="11">
<![CDATA[ Bouncing Souls]]>
</value>
</value>
<value instanceof="12">
<value instanceof="11">
<![CDATA[ Bounty Hunters]]>
</value>
</value>
<value instanceof="12">
<value instanceof="11">
<![CDATA[ Bourke, Pieter]]>
</value>
</value>
<value instanceof="12">
<value instanceof="11">
<![CDATA[ Bow Wow Wow]]>
</value>
</value>
<value instanceof="12">
<value instanceof="11">
<![CDATA[ Bowery Electric]]>
</value>
</value>
<value instanceof="12">
<value instanceof="11">
<![CDATA[ Bowie, David]]>
</value>
</value>
<value instanceof="12">
<value instanceof="11">
<![CDATA[ Bows]]>
</value>
</value>
<value instanceof="12">
<value instanceof="11">
<![CDATA[ Boxer]]>
</value>
</value>
<value instanceof="12">
<value instanceof="11">
<![CDATA[ Boy George]]>
</value>
</value>
<value instanceof="12">
<value instanceof="11">
<![CDATA[ Boy Sets Fire]]>
</value>
</value>
<value instanceof="12">
<value instanceof="11">
<![CDATA[ Boy Three, Fun]]>
</value>
</value>
<value instanceof="12">
<value instanceof="11">
<![CDATA[ Boys]]>
</value>
</value>
<value instanceof="12">
<value instanceof="11">
<![CDATA[ Boys (Tribute)]]>
</value>
</value>
<value instanceof="12">
<value instanceof="11">
<![CDATA[ Boys Choir Of Harlem]]>
</value>
</value>
<value instanceof="12">
<value instanceof="11">
<![CDATA[ Boys Life]]>
</value>
</value>
<value instanceof="12">
<value instanceof="11">
<![CDATA[ Boyzone]]>
</value>
</value>
<value instanceof="12">
<value instanceof="11">
<![CDATA[ Bozzio, Terry]]>
</value>
</value>
<value instanceof="12">
<value instanceof="11">
<![CDATA[ Bracket]]>
</value>
</value>
<value instanceof="12">
<value instanceof="11">
<![CDATA[ Brad]]>
</value>
</value>
<value instanceof="12">
<value instanceof="11">
<![CDATA[ Bragg, Billy]]>
</value>
</value>
<value instanceof="12">
<value instanceof="11">
<![CDATA[ Braheny, Kevin]]>
</value>
</value>
<value instanceof="12">
<value instanceof="11">
<![CDATA[ Braid]]>
</value>
</value>
<value instanceof="12">
<value instanceof="11">
<![CDATA[ Brain Leisure]]>
</value>
</value>
<value instanceof="12">
<value instanceof="11">
<![CDATA[ Brainiac]]>
</value>
</value>
<value instanceof="12">
<value instanceof="11">
<![CDATA[ Branca, Glenn]]>
</value>
</value>
<value instanceof="12">
<value instanceof="11">
<![CDATA[ Branch Manager]]>
</value>
</value>
<value instanceof="12">
<value instanceof="11">
<![CDATA[ Brand New Unit]]>
</value>
</value>
<value instanceof="12">
<value instanceof="11">
<![CDATA[ Brandtson]]>
</value>
</value>
<value instanceof="12">
<value instanceof="11">
<![CDATA[ Bratmobile]]>
</value>
</value>
<value instanceof="12">
<value instanceof="11">
<![CDATA[ Brave Combo]]>
</value>
</value>
<value instanceof="12">
<value instanceof="11">
<![CDATA[ Breach]]>
</value>
</value>
<value instanceof="12">
<value instanceof="11">
<![CDATA[ Breach Of Trust]]>
</value>
</value>
<value instanceof="12">
<value instanceof="11">
<![CDATA[ Breadwinner]]>
</value>
</value>
<value instanceof="12">
<value instanceof="11">
<![CDATA[ Breakbeat Era]]>
</value>
</value>
<value instanceof="12">
<value instanceof="11">
<![CDATA[ Breakdown]]>
</value>
</value>
<value instanceof="12">
<value instanceof="11">
<![CDATA[ Breaking Spree]]>
</value>
</value>
<value instanceof="12">
<value instanceof="11">
<![CDATA[ Breathless]]>
</value>
</value>
<value instanceof="12">
<value instanceof="11">
<![CDATA[ The Breeders]]>
</value>
</value>
<value instanceof="12">
<value instanceof="11">
<![CDATA[ Breitband]]>
</value>
</value>
<value instanceof="12">
<value instanceof="11">
<![CDATA[ Brevett, Lloyd]]>
</value>
</value>
<value instanceof="12">
<value instanceof="11">
<![CDATA[ Brian Eno (Tribute)]]>
</value>
</value>
<value instanceof="12">
<value instanceof="11">
<![CDATA[ Brian Jonestown Massacre]]>
</value>
</value>
<value instanceof="12">
<value instanceof="11">
<![CDATA[ Brickell, Edie]]>
</value>
</value>
<value instanceof="12">
<value instanceof="11">
<![CDATA[ Bright Blue Gorilla]]>
</value>
</value>
<value instanceof="12">
<value instanceof="11">
<![CDATA[ Brinsley Schwarz]]>
</value>
</value>
<value instanceof="12">
<value instanceof="11">
<![CDATA[ Briscoe, Stacy]]>
</value>
</value>
<value instanceof="12">
<value instanceof="11">
<![CDATA[ Brit Awards (Series)]]>
</value>
</value>
<value instanceof="12">
<value instanceof="11">
<![CDATA[ Broadcast]]>
</value>
</value>
<value instanceof="12">
<value instanceof="11">
<![CDATA[ Broadways]]>
</value>
</value>
<value instanceof="12">
<value instanceof="11">
<![CDATA[ Brodie, Mark & The Beaver Patro]]>
</value>
</value>
<value instanceof="12">
<value instanceof="11">
<![CDATA[ Brodsky Quartet]]>
</value>
</value>
<value instanceof="12">
<value instanceof="11">
<![CDATA[ Brodsky, Adam]]>
</value>
</value>
<value instanceof="12">
<value instanceof="11">
<![CDATA[ Broken Bones]]>
</value>
</value>
<value instanceof="12">
<value instanceof="11">
<![CDATA[ Bronski Beat]]>
</value>
</value>
<value instanceof="12">
<value instanceof="11">
<![CDATA[ Brook, Michael]]>
</value>
</value>
<value instanceof="12">
<value instanceof="11">
<![CDATA[ Brooks, Meredith]]>
</value>
</value>
<value instanceof="12">
<value instanceof="11">
<![CDATA[ Brother Weasel]]>
</value>
</value>
<value instanceof="12">
<value instanceof="11">
<![CDATA[ The Brothers Creeggan]]>
</value>
</value>
<value instanceof="12">
<value instanceof="11">
<![CDATA[ Brothers, Gibson]]>
</value>
</value>
<value instanceof="12">
<value instanceof="11">
<![CDATA[ Brothers, Mccluskey]]>
</value>
</value>
<value instanceof="12">
<value instanceof="11">
<![CDATA[ Brotzmann, Caspar]]>
</value>
</value>
<value instanceof="12">
<value instanceof="11">
<![CDATA[ Broughton Band, Edgar]]>
</value>
</value>
<value instanceof="12">
<value instanceof="11">
<![CDATA[ Brown Lobster Tank]]>
</value>
</value>
<value instanceof="12">
<value instanceof="11">
<![CDATA[ Brown, Ian]]>
</value>
</value>
<value instanceof="12">
<value instanceof="11">
<![CDATA[ Brown, Ian]]>
</value>
</value>
<value instanceof="12">
<value instanceof="11">
<![CDATA[ Browne, Jackson]]>
</value>
</value>
<value instanceof="12">
<value instanceof="11">
<![CDATA[ Brubeck, Dave]]>
</value>
</value>
<value instanceof="12">
<value instanceof="11">
<![CDATA[ The Bruce Lee Band]]>
</value>
</value>
<value instanceof="12">
<value instanceof="11">
<![CDATA[ Bruford, Bill]]>
</value>
</value>
<value instanceof="12">
<value instanceof="11">
<![CDATA[ Bruisers]]>
</value>
</value>
<value instanceof="12">
<value instanceof="11">
<![CDATA[ Brundlefly]]>
</value>
</value>
<value instanceof="12">
<value instanceof="11">
<![CDATA[ Brute]]>
</value>
</value>
<value instanceof="12">
<value instanceof="11">
<![CDATA[ Buck O Nine]]>
</value>
</value>
<value instanceof="12">
<value instanceof="11">
<![CDATA[ Buck Wild]]>
</value>
</value>
<value instanceof="12">
<value instanceof="11">
<![CDATA[ Buckley, Jeff]]>
</value>
</value>
<value instanceof="12">
<value instanceof="11">
<![CDATA[ Buckley, Tim]]>
</value>
</value>
<value instanceof="12">
<value instanceof="11">
<![CDATA[ Budd, Harold]]>
</value>
</value>
<value instanceof="12">
<value instanceof="11">
<![CDATA[ Budda-Bang]]>
</value>
</value>
<value instanceof="12">
<value instanceof="11">
<![CDATA[ Budderball]]>
</value>
</value>
<value instanceof="12">
<value instanceof="11">
<![CDATA[ Buffalo Daughter]]>
</value>
</value>
<value instanceof="12">
<value instanceof="11">
<![CDATA[ Buffalo Tom]]>
</value>
</value>
<value instanceof="12">
<value instanceof="11">
<![CDATA[ Bugbear]]>
</value>
</value>
<value instanceof="12">
<value instanceof="11">
<![CDATA[ Buggles]]>
</value>
</value>
<value instanceof="12">
<value instanceof="11">
<![CDATA[ Built To Spill]]>
</value>
</value>
<value instanceof="12">
<value instanceof="11">
<![CDATA[ Built to Last]]>
</value>
</value>
<value instanceof="12">
<value instanceof="11">
<![CDATA[ Bulkhead]]>
</value>
</value>
<value instanceof="12">
<value instanceof="11">
<![CDATA[ Bullet In The Head]]>
</value>
</value>
<value instanceof="12">
<value instanceof="11">
<![CDATA[ Bullet Lavolta]]>
</value>
</value>
<value instanceof="12">
<value instanceof="11">
<![CDATA[ Bumpin' Uglies]]>
</value>
</value>
<value instanceof="12">
<value instanceof="11">
<![CDATA[ Bunch O' Hits (Series)]]>
</value>
</value>
<value instanceof="12">
<value instanceof="11">
<![CDATA[ Buried Alive]]>
</value>
</value>
<value instanceof="12">
<value instanceof="11">
<![CDATA[ Buried Alive (Series)]]>
</value>
</value>
<value instanceof="12">
<value instanceof="11">
<![CDATA[ Burn]]>
</value>
</value>
<value instanceof="12">
<value instanceof="11">
<![CDATA[ Burning Ambition: A History Of Punk (Series)]]>
</value>
</value>
<value instanceof="12">
<value instanceof="11">
<![CDATA[ Burning Heads]]>
</value>
</value>
<value instanceof="12">
<value instanceof="11">
<![CDATA[ Burnout]]>
</value>
</value>
<value instanceof="12">
<value instanceof="11">
<![CDATA[ Burnside, R. L.]]>
</value>
</value>
<value instanceof="12">
<value instanceof="11">
<![CDATA[ Burroughs, William]]>
</value>
</value>
<value instanceof="12">
<value instanceof="11">
<![CDATA[ Bush]]>
</value>
</value>
<value instanceof="12">
<value instanceof="11">
<![CDATA[ Bush Tetras]]>
</value>
</value>
<value instanceof="12">
<value instanceof="11">
<![CDATA[ Bush, Kate]]>
</value>
</value>
<value instanceof="12">
<value instanceof="11">
<![CDATA[ Business]]>
</value>
</value>
<value instanceof="12">
<value instanceof="11">
<![CDATA[ Buster, Prince]]>
</value>
</value>
<value instanceof="12">
<value instanceof="11">
<![CDATA[ Busters]]>
</value>
</value>
<value instanceof="12">
<value instanceof="11">
<![CDATA[ Butchies]]>
</value>
</value>
<value instanceof="12">
<value instanceof="11">
<![CDATA[ Butler, Bernard]]>
</value>
</value>
<value instanceof="12">
<value instanceof="11">
<![CDATA[ Butler, Chris]]>
</value>
</value>
<value instanceof="12">
<value instanceof="11">
<![CDATA[ Butlers]]>
</value>
</value>
<value instanceof="12">
<value instanceof="11">
<![CDATA[ Butterglory]]>
</value>
</value>
<value instanceof="12">
<value instanceof="11">
<![CDATA[ Butthole Surfers]]>
</value>
</value>
<value instanceof="12">
<value instanceof="11">
<![CDATA[ Buttsteak]]>
</value>
</value>
<value instanceof="12">
<value instanceof="11">
<![CDATA[ Buzzcocks]]>
</value>
</value>
<value instanceof="12">
<value instanceof="11">
<![CDATA[ Buzzkill]]>
</value>
</value>
<value instanceof="12">
<value instanceof="11">
<![CDATA[ By A Thread]]>
</value>
</value>
<value instanceof="12">
<value instanceof="11">
<![CDATA[ By Law Vs. Gigantor, Down]]>
</value>
</value>
<value instanceof="12">
<value instanceof="11">
<![CDATA[ By The Grace Of God]]>
</value>
</value>
<value instanceof="12">
<value instanceof="11">
<![CDATA[ By Voices, Guided]]>
</value>
</value>
<value instanceof="12">
<value instanceof="11">
<![CDATA[ Byrne, David]]>
</value>
</value>
</value>
</value>

