<value instanceof="14">
<value instanceof="3">
<value instanceof="0">
</value>
</value>
<value instanceof="4">
<![CDATA[ H]]>
</value>
<value instanceof="9">
<value instanceof="8">
</value>
</value>
<value instanceof="10">
<![CDATA[ H]]>
</value>
<value instanceof="13">
<value instanceof="12">
<value instanceof="11">
<![CDATA[ H.P.P.]]>
</value>
</value>
<value instanceof="12">
<value instanceof="11">
<![CDATA[ H20]]>
</value>
</value>
<value instanceof="12">
<value instanceof="11">
<![CDATA[ H2O]]>
</value>
</value>
<value instanceof="12">
<value instanceof="11">
<![CDATA[ Haack, Bruce]]>
</value>
</value>
<value instanceof="12">
<value instanceof="11">
<![CDATA[ Hadley, Ian]]>
</value>
</value>
<value instanceof="12">
<value instanceof="11">
<![CDATA[ Hadley, Tony]]>
</value>
</value>
<value instanceof="12">
<value instanceof="11">
<![CDATA[ Haegers Bend]]>
</value>
</value>
<value instanceof="12">
<value instanceof="11">
<![CDATA[ Hagen, Nina]]>
</value>
</value>
<value instanceof="12">
<value instanceof="11">
<![CDATA[ Hagfish]]>
</value>
</value>
<value instanceof="12">
<value instanceof="11">
<![CDATA[ Haggard]]>
</value>
</value>
<value instanceof="12">
<value instanceof="11">
<![CDATA[ Hai Karate]]>
</value>
</value>
<value instanceof="12">
<value instanceof="11">
<![CDATA[ Haircut 100]]>
</value>
</value>
<value instanceof="12">
<value instanceof="11">
<![CDATA[ Halbig, Konrad]]>
</value>
</value>
<value instanceof="12">
<value instanceof="11">
<![CDATA[ Half Japanese]]>
</value>
</value>
<value instanceof="12">
<value instanceof="11">
<![CDATA[ Hall, Tammany]]>
</value>
</value>
<value instanceof="12">
<value instanceof="11">
<![CDATA[ Hall, Terry]]>
</value>
</value>
<value instanceof="12">
<value instanceof="11">
<![CDATA[ Halo Benders]]>
</value>
</value>
<value instanceof="12">
<value instanceof="11">
<![CDATA[ Halo Of Flies]]>
</value>
</value>
<value instanceof="12">
<value instanceof="11">
<![CDATA[ Halogens]]>
</value>
</value>
<value instanceof="12">
<value instanceof="11">
<![CDATA[ Hammerhead]]>
</value>
</value>
<value instanceof="12">
<value instanceof="11">
<![CDATA[ Hammerlock]]>
</value>
</value>
<value instanceof="12">
<value instanceof="11">
<![CDATA[ The Hammersmith Gorillas]]>
</value>
</value>
<value instanceof="12">
<value instanceof="11">
<![CDATA[ Handal, Ali]]>
</value>
</value>
<value instanceof="12">
<value instanceof="11">
<![CDATA[ Hands Tied]]>
</value>
</value>
<value instanceof="12">
<value instanceof="11">
<![CDATA[ Haney, David]]>
</value>
</value>
<value instanceof="12">
<value instanceof="11">
<![CDATA[ Hang The DJ: Modern Rock (Series)]]>
</value>
</value>
<value instanceof="12">
<value instanceof="11">
<![CDATA[ Hangovers]]>
</value>
</value>
<value instanceof="12">
<value instanceof="11">
<![CDATA[ Hanson Brothers]]>
</value>
</value>
<value instanceof="12">
<value instanceof="11">
<![CDATA[ Happy Flowers]]>
</value>
</value>
<value instanceof="12">
<value instanceof="11">
<![CDATA[ Happy Go Licky]]>
</value>
</value>
<value instanceof="12">
<value instanceof="11">
<![CDATA[ Happy Mondays]]>
</value>
</value>
<value instanceof="12">
<value instanceof="11">
<![CDATA[ Happy Savage]]>
</value>
</value>
<value instanceof="12">
<value instanceof="11">
<![CDATA[ Harburg, E. Y.]]>
</value>
</value>
<value instanceof="12">
<value instanceof="11">
<![CDATA[ Hard Response]]>
</value>
</value>
<value instanceof="12">
<value instanceof="11">
<![CDATA[ Hard Skin]]>
</value>
</value>
<value instanceof="12">
<value instanceof="11">
<![CDATA[ Hard-Ons]]>
</value>
</value>
<value instanceof="12">
<value instanceof="11">
<![CDATA[ Hardcastle, Paul]]>
</value>
</value>
<value instanceof="12">
<value instanceof="11">
<![CDATA[ Hardcore Breakout U.S.A. (Series)]]>
</value>
</value>
<value instanceof="12">
<value instanceof="11">
<![CDATA[ Hardcore Holocaust (Series)]]>
</value>
</value>
<value instanceof="12">
<value instanceof="11">
<![CDATA[ Harding, John Wesley]]>
</value>
</value>
<value instanceof="12">
<value instanceof="11">
<![CDATA[ Hardman, James]]>
</value>
</value>
<value instanceof="12">
<value instanceof="11">
<![CDATA[ Harida]]>
</value>
</value>
<value instanceof="12">
<value instanceof="11">
<![CDATA[ Harlingtox A.D.]]>
</value>
</value>
<value instanceof="12">
<value instanceof="11">
<![CDATA[ Harper, Ben]]>
</value>
</value>
<value instanceof="12">
<value instanceof="11">
<![CDATA[ Harris, Richard]]>
</value>
</value>
<value instanceof="12">
<value instanceof="11">
<![CDATA[ Harris, Thana]]>
</value>
</value>
<value instanceof="12">
<value instanceof="11">
<![CDATA[ Harry J & His Friends]]>
</value>
</value>
<value instanceof="12">
<value instanceof="11">
<![CDATA[ Harry, Deborah]]>
</value>
</value>
<value instanceof="12">
<value instanceof="11">
<![CDATA[ Harry, Deborah]]>
</value>
</value>
<value instanceof="12">
<value instanceof="11">
<![CDATA[ Hart, Corey]]>
</value>
</value>
<value instanceof="12">
<value instanceof="11">
<![CDATA[ Harvest]]>
</value>
</value>
<value instanceof="12">
<value instanceof="11">
<![CDATA[ Harvey Danger]]>
</value>
</value>
<value instanceof="12">
<value instanceof="11">
<![CDATA[ Harvey, Mick]]>
</value>
</value>
<value instanceof="12">
<value instanceof="11">
<![CDATA[ Harvey, PJ]]>
</value>
</value>
<value instanceof="12">
<value instanceof="11">
<![CDATA[ Harvey, Richard]]>
</value>
</value>
<value instanceof="12">
<value instanceof="11">
<![CDATA[ Hasselhoffs, Young]]>
</value>
</value>
<value instanceof="12">
<value instanceof="11">
<![CDATA[ Hassell, Jon]]>
</value>
</value>
<value instanceof="12">
<value instanceof="11">
<![CDATA[ Haste]]>
</value>
</value>
<value instanceof="12">
<value instanceof="11">
<![CDATA[ Hate Dept.]]>
</value>
</value>
<value instanceof="12">
<value instanceof="11">
<![CDATA[ Hatebreed]]>
</value>
</value>
<value instanceof="12">
<value instanceof="11">
<![CDATA[ Hatfield, Juliana]]>
</value>
</value>
<value instanceof="12">
<value instanceof="11">
<![CDATA[ Haujobb]]>
</value>
</value>
<value instanceof="12">
<value instanceof="11">
<![CDATA[ Hawkes, Tim]]>
</value>
</value>
<value instanceof="12">
<value instanceof="11">
<![CDATA[ Hawkins, Sophie B.]]>
</value>
</value>
<value instanceof="12">
<value instanceof="11">
<![CDATA[ Hay, Colin]]>
</value>
</value>
<value instanceof="12">
<value instanceof="11">
<![CDATA[ Hayden]]>
</value>
</value>
<value instanceof="12">
<value instanceof="11">
<![CDATA[ Haywains]]>
</value>
</value>
<value instanceof="12">
<value instanceof="11">
<![CDATA[ Hazel]]>
</value>
</value>
<value instanceof="12">
<value instanceof="11">
<![CDATA[ Headboard]]>
</value>
</value>
<value instanceof="12">
<value instanceof="11">
<![CDATA[ Headcase]]>
</value>
</value>
<value instanceof="12">
<value instanceof="11">
<![CDATA[ Headcoats, Thee]]>
</value>
</value>
<value instanceof="12">
<value instanceof="11">
<![CDATA[ Heartbreakers]]>
</value>
</value>
<value instanceof="12">
<value instanceof="11">
<![CDATA[ Heartwood, Kiya]]>
</value>
</value>
<value instanceof="12">
<value instanceof="11">
<![CDATA[ Heatmiser]]>
</value>
</value>
<value instanceof="12">
<value instanceof="11">
<![CDATA[ Heaven 17]]>
</value>
</value>
<value instanceof="12">
<value instanceof="11">
<![CDATA[ Heavens To Betsy]]>
</value>
</value>
<value instanceof="12">
<value instanceof="11">
<![CDATA[ Heavy Manners]]>
</value>
</value>
<value instanceof="12">
<value instanceof="11">
<![CDATA[ Heavy Plastic]]>
</value>
</value>
<value instanceof="12">
<value instanceof="11">
<![CDATA[ Heckle]]>
</value>
</value>
<value instanceof="12">
<value instanceof="11">
<![CDATA[ Hefner]]>
</value>
</value>
<value instanceof="12">
<value instanceof="11">
<![CDATA[ Helicopter Girl]]>
</value>
</value>
<value instanceof="12">
<value instanceof="11">
<![CDATA[ Helios Creed]]>
</value>
</value>
<value instanceof="12">
<value instanceof="11">
<![CDATA[ Helium]]>
</value>
</value>
<value instanceof="12">
<value instanceof="11">
<![CDATA[ Hell & The Voidoids, Richard]]>
</value>
</value>
<value instanceof="12">
<value instanceof="11">
<![CDATA[ Hell No]]>
</value>
</value>
<value instanceof="12">
<value instanceof="11">
<![CDATA[ Hell, Richard]]>
</value>
</value>
<value instanceof="12">
<value instanceof="11">
<![CDATA[ Hellacopters]]>
</value>
</value>
<value instanceof="12">
<value instanceof="11">
<![CDATA[ Hellbent]]>
</value>
</value>
<value instanceof="12">
<value instanceof="11">
<![CDATA[ Helmet]]>
</value>
</value>
<value instanceof="12">
<value instanceof="11">
<![CDATA[ Help, The]]>
</value>
</value>
<value instanceof="12">
<value instanceof="11">
<![CDATA[ Helstar]]>
</value>
</value>
<value instanceof="12">
<value instanceof="11">
<![CDATA[ Henderson, Richard]]>
</value>
</value>
<value instanceof="12">
<value instanceof="11">
<![CDATA[ Hepcat]]>
</value>
</value>
<value instanceof="12">
<value instanceof="11">
<![CDATA[ Here Kitty Kitty]]>
</value>
</value>
<value instanceof="12">
<value instanceof="11">
<![CDATA[ Heresy]]>
</value>
</value>
<value instanceof="12">
<value instanceof="11">
<![CDATA[ Hersh, Kristin]]>
</value>
</value>
<value instanceof="12">
<value instanceof="11">
<![CDATA[ Hi Fi & Roadburners]]>
</value>
</value>
<value instanceof="12">
<value instanceof="11">
<![CDATA[ Hi-Fives]]>
</value>
</value>
<value instanceof="12">
<value instanceof="11">
<![CDATA[ Hi-Fives/Smugglers]]>
</value>
</value>
<value instanceof="12">
<value instanceof="11">
<![CDATA[ Hi-Standard]]>
</value>
</value>
<value instanceof="12">
<value instanceof="11">
<![CDATA[ High Llamas]]>
</value>
</value>
<value instanceof="12">
<value instanceof="11">
<![CDATA[ Highball Holiday]]>
</value>
</value>
<value instanceof="12">
<value instanceof="11">
<![CDATA[ Highdivers]]>
</value>
</value>
<value instanceof="12">
<value instanceof="11">
<![CDATA[ Highway 5]]>
</value>
</value>
<value instanceof="12">
<value instanceof="11">
<![CDATA[ Higsons]]>
</value>
</value>
<value instanceof="12">
<value instanceof="11">
<![CDATA[ Hill, Scott]]>
</value>
</value>
<value instanceof="12">
<value instanceof="11">
<![CDATA[ Hille, Sid]]>
</value>
</value>
<value instanceof="12">
<value instanceof="11">
<![CDATA[ Hillyard's Rocksteady 7, Dave]]>
</value>
</value>
<value instanceof="12">
<value instanceof="11">
<![CDATA[ Himsa]]>
</value>
</value>
<value instanceof="12">
<value instanceof="11">
<![CDATA[ Hinds, Justin & Dominoes]]>
</value>
</value>
<value instanceof="12">
<value instanceof="11">
<![CDATA[ Hinojosa, Tish]]>
</value>
</value>
<value instanceof="12">
<value instanceof="11">
<![CDATA[ Hipbone]]>
</value>
</value>
<value instanceof="12">
<value instanceof="11">
<![CDATA[ Hippos]]>
</value>
</value>
<value instanceof="12">
<value instanceof="11">
<![CDATA[ Hipster Daddy-O]]>
</value>
</value>
<value instanceof="12">
<value instanceof="11">
<![CDATA[ Hipsters Zoots & Wingtips (Series)]]>
</value>
</value>
<value instanceof="12">
<value instanceof="11">
<![CDATA[ His Name Is Alive]]>
</value>
</value>
<value instanceof="12">
<value instanceof="11">
<![CDATA[ Hissanol]]>
</value>
</value>
<value instanceof="12">
<value instanceof="11">
<![CDATA[ History Of Ska Blue Beat & Reggae (Series)]]>
</value>
</value>
<value instanceof="12">
<value instanceof="11">
<![CDATA[ Hitchcock & Egyptians, Robyn]]>
</value>
</value>
<value instanceof="12">
<value instanceof="11">
<![CDATA[ Hitchcock, Robyn]]>
</value>
</value>
<value instanceof="12">
<value instanceof="11">
<![CDATA[ Hitting Birth]]>
</value>
</value>
<value instanceof="12">
<value instanceof="11">
<![CDATA[ Hives]]>
</value>
</value>
<value instanceof="12">
<value instanceof="11">
<![CDATA[ Hoffman, Janalea]]>
</value>
</value>
<value instanceof="12">
<value instanceof="11">
<![CDATA[ Hogan's Hereos]]>
</value>
</value>
<value instanceof="12">
<value instanceof="11">
<![CDATA[ Hogan, Marcus]]>
</value>
</value>
<value instanceof="12">
<value instanceof="11">
<![CDATA[ Hole]]>
</value>
</value>
<value instanceof="12">
<value instanceof="11">
<![CDATA[ Holi]]>
</value>
</value>
<value instanceof="12">
<value instanceof="11">
<![CDATA[ Holidays In The Sun (Series)]]>
</value>
</value>
<value instanceof="12">
<value instanceof="11">
<![CDATA[ Hollenbeck, Phillip]]>
</value>
</value>
<value instanceof="12">
<value instanceof="11">
<![CDATA[ Holly, Pete]]>
</value>
</value>
<value instanceof="12">
<value instanceof="11">
<![CDATA[ Holmes, David]]>
</value>
</value>
<value instanceof="12">
<value instanceof="11">
<![CDATA[ Holocaust Theory]]>
</value>
</value>
<value instanceof="12">
<value instanceof="11">
<![CDATA[ Holy Rollers]]>
</value>
</value>
<value instanceof="12">
<value instanceof="11">
<![CDATA[ Home 33]]>
</value>
</value>
<value instanceof="12">
<value instanceof="11">
<![CDATA[ Home Grown]]>
</value>
</value>
<value instanceof="12">
<value instanceof="11">
<![CDATA[ Honest Engine]]>
</value>
</value>
<value instanceof="12">
<value instanceof="11">
<![CDATA[ Honey Tongue]]>
</value>
</value>
<value instanceof="12">
<value instanceof="11">
<![CDATA[ Hoodoo Gurus]]>
</value>
</value>
<value instanceof="12">
<value instanceof="11">
<![CDATA[ Hooker, William]]>
</value>
</value>
<value instanceof="12">
<value instanceof="11">
<![CDATA[ Hookers]]>
</value>
</value>
<value instanceof="12">
<value instanceof="11">
<![CDATA[ Hootie & The Blowfish]]>
</value>
</value>
<value instanceof="12">
<value instanceof="11">
<![CDATA[ Hoover]]>
</value>
</value>
<value instanceof="12">
<value instanceof="11">
<![CDATA[ Hooverphonic]]>
</value>
</value>
<value instanceof="12">
<value instanceof="11">
<![CDATA[ Hope Diamond]]>
</value>
</value>
<value instanceof="12">
<value instanceof="11">
<![CDATA[ Hopkins, Sarah]]>
</value>
</value>
<value instanceof="12">
<value instanceof="11">
<![CDATA[ Hor]]>
</value>
</value>
<value instanceof="12">
<value instanceof="11">
<![CDATA[ Horace Pinker]]>
</value>
</value>
<value instanceof="12">
<value instanceof="11">
<![CDATA[ Horse Flies]]>
</value>
</value>
<value instanceof="12">
<value instanceof="11">
<![CDATA[ Hot Snakes]]>
</value>
</value>
<value instanceof="12">
<value instanceof="11">
<![CDATA[ Hot Stove Jimmy]]>
</value>
</value>
<value instanceof="12">
<value instanceof="11">
<![CDATA[ Hot Water]]>
</value>
</value>
<value instanceof="12">
<value instanceof="11">
<![CDATA[ Hot Water Music]]>
</value>
</value>
<value instanceof="12">
<value instanceof="11">
<![CDATA[ Hothouse Flowers]]>
</value>
</value>
<value instanceof="12">
<value instanceof="11">
<![CDATA[ Hotknives/Buster All Stars]]>
</value>
</value>
<value instanceof="12">
<value instanceof="11">
<![CDATA[ Houndog Harrison Band]]>
</value>
</value>
<value instanceof="12">
<value instanceof="11">
<![CDATA[ House Of Love (London)]]>
</value>
</value>
<value instanceof="12">
<value instanceof="11">
<![CDATA[ House, Crowded]]>
</value>
</value>
<value instanceof="12">
<value instanceof="11">
<![CDATA[ Housemartins]]>
</value>
</value>
<value instanceof="12">
<value instanceof="11">
<![CDATA[ Huck-A-Bucks]]>
</value>
</value>
<value instanceof="12">
<value instanceof="11">
<![CDATA[ Hudson, David]]>
</value>
</value>
<value instanceof="12">
<value instanceof="11">
<![CDATA[ Hudson, Garth]]>
</value>
</value>
<value instanceof="12">
<value instanceof="11">
<![CDATA[ Huggy Bear]]>
</value>
</value>
<value instanceof="12">
<value instanceof="11">
<![CDATA[ Hum]]>
</value>
</value>
<value instanceof="12">
<value instanceof="11">
<![CDATA[ Human League]]>
</value>
</value>
<value instanceof="12">
<value instanceof="11">
<![CDATA[ Humble Sacrifice]]>
</value>
</value>
<value instanceof="12">
<value instanceof="11">
<![CDATA[ Humpers]]>
</value>
</value>
<value instanceof="12">
<value instanceof="11">
<![CDATA[ Hungry Lucy]]>
</value>
</value>
<value instanceof="12">
<value instanceof="11">
<![CDATA[ Hungry Mind Review]]>
</value>
</value>
<value instanceof="12">
<value instanceof="11">
<![CDATA[ Huntingtons]]>
</value>
</value>
<value instanceof="12">
<value instanceof="11">
<![CDATA[ Huntingtons]]>
</value>
</value>
<value instanceof="12">
<value instanceof="11">
<![CDATA[ Husik, Lida]]>
</value>
</value>
<value instanceof="12">
<value instanceof="11">
<![CDATA[ Husker Du]]>
</value>
</value>
<value instanceof="12">
<value instanceof="11">
<![CDATA[ Husker Du (Tribute)]]>
</value>
</value>
<value instanceof="12">
<value instanceof="11">
<![CDATA[ Hutchence, Michael]]>
</value>
</value>
<value instanceof="12">
<value instanceof="11">
<![CDATA[ Hyperplush]]>
</value>
</value>
</value>
</value>

