<value instanceof="14">
<value instanceof="3">
<value instanceof="0">
</value>
</value>
<value instanceof="4">
<![CDATA[ L]]>
</value>
<value instanceof="9">
<value instanceof="8">
</value>
</value>
<value instanceof="10">
<![CDATA[ L]]>
</value>
<value instanceof="13">
<value instanceof="12">
<value instanceof="11">
<![CDATA[ L.E.S. Stitches]]>
</value>
</value>
<value instanceof="12">
<value instanceof="11">
<![CDATA[ L7]]>
</value>
</value>
<value instanceof="12">
<value instanceof="11">
<![CDATA[ La Polla Records]]>
</value>
</value>
<value instanceof="12">
<value instanceof="11">
<![CDATA[ La Tengo, Yo]]>
</value>
</value>
<value instanceof="12">
<value instanceof="11">
<![CDATA[ La's, The]]>
</value>
</value>
<value instanceof="12">
<value instanceof="11">
<![CDATA[ LaHaie, Perry]]>
</value>
</value>
<value instanceof="12">
<value instanceof="11">
<![CDATA[ Lads, Macc]]>
</value>
</value>
<value instanceof="12">
<value instanceof="11">
<![CDATA[ Lagwagon]]>
</value>
</value>
<value instanceof="12">
<value instanceof="11">
<![CDATA[ Laibach]]>
</value>
</value>
<value instanceof="12">
<value instanceof="11">
<![CDATA[ Laika]]>
</value>
</value>
<value instanceof="12">
<value instanceof="11">
<![CDATA[ Lamb]]>
</value>
</value>
<value instanceof="12">
<value instanceof="11">
<![CDATA[ Lambchop]]>
</value>
</value>
<value instanceof="12">
<value instanceof="11">
<![CDATA[ Land Of The Loops]]>
</value>
</value>
<value instanceof="12">
<value instanceof="11">
<![CDATA[ Land Of The Rising Noise (Series)]]>
</value>
</value>
<value instanceof="12">
<value instanceof="11">
<![CDATA[ Landsberg, Steven]]>
</value>
</value>
<value instanceof="12">
<value instanceof="11">
<![CDATA[ Lane, Nathan]]>
</value>
</value>
<value instanceof="12">
<value instanceof="11">
<![CDATA[ Lang, K. D.]]>
</value>
</value>
<value instanceof="12">
<value instanceof="11">
<![CDATA[ Lanois, Daniel]]>
</value>
</value>
<value instanceof="12">
<value instanceof="11">
<![CDATA[ Lard]]>
</value>
</value>
<value instanceof="12">
<value instanceof="11">
<![CDATA[ Larkin, Patty]]>
</value>
</value>
<value instanceof="12">
<value instanceof="11">
<![CDATA[ Larson, Cory]]>
</value>
</value>
<value instanceof="12">
<value instanceof="11">
<![CDATA[ Lasos]]>
</value>
</value>
<value instanceof="12">
<value instanceof="11">
<![CDATA[ Lassie Foundation, The]]>
</value>
</value>
<value instanceof="12">
<value instanceof="11">
<![CDATA[ Last]]>
</value>
</value>
<value instanceof="12">
<value instanceof="11">
<![CDATA[ Last December]]>
</value>
</value>
<value instanceof="12">
<value instanceof="11">
<![CDATA[ Last Man To Fly]]>
</value>
</value>
<value instanceof="12">
<value instanceof="11">
<![CDATA[ Last Resort]]>
</value>
</value>
<value instanceof="12">
<value instanceof="11">
<![CDATA[ Last Stand]]>
</value>
</value>
<value instanceof="12">
<value instanceof="11">
<![CDATA[ Latch Key Kids]]>
</value>
</value>
<value instanceof="12">
<value instanceof="11">
<![CDATA[ Laughing Colors]]>
</value>
</value>
<value instanceof="12">
<value instanceof="11">
<![CDATA[ Laughing Hyenas]]>
</value>
</value>
<value instanceof="12">
<value instanceof="11">
<![CDATA[ Lauper, Cyndi]]>
</value>
</value>
<value instanceof="12">
<value instanceof="11">
<![CDATA[ Lavare]]>
</value>
</value>
<value instanceof="12">
<value instanceof="11">
<![CDATA[ Lawrence Arms, The]]>
</value>
</value>
<value instanceof="12">
<value instanceof="11">
<![CDATA[ Lazycame]]>
</value>
</value>
<value instanceof="12">
<value instanceof="11">
<![CDATA[ Le Syndicat]]>
</value>
</value>
<value instanceof="12">
<value instanceof="11">
<![CDATA[ Le Tigre]]>
</value>
</value>
<value instanceof="12">
<value instanceof="11">
<![CDATA[ Leach, Craig]]>
</value>
</value>
<value instanceof="12">
<value instanceof="11">
<![CDATA[ Leaping Luci]]>
</value>
</value>
<value instanceof="12">
<value instanceof="11">
<![CDATA[ Leather Strip]]>
</value>
</value>
<value instanceof="12">
<value instanceof="11">
<![CDATA[ Leatherface]]>
</value>
</value>
<value instanceof="12">
<value instanceof="11">
<![CDATA[ Leaving Trains]]>
</value>
</value>
<value instanceof="12">
<value instanceof="11">
<![CDATA[ Ledenhed]]>
</value>
</value>
<value instanceof="12">
<value instanceof="11">
<![CDATA[ Lee & The Dragonaires, Byron]]>
</value>
</value>
<value instanceof="12">
<value instanceof="11">
<![CDATA[ Lee Harvey Oswald Band]]>
</value>
</value>
<value instanceof="12">
<value instanceof="11">
<![CDATA[ Lee, Ben]]>
</value>
</value>
<value instanceof="12">
<value instanceof="11">
<![CDATA[ Leep 27]]>
</value>
</value>
<value instanceof="12">
<value instanceof="11">
<![CDATA[ Leeway]]>
</value>
</value>
<value instanceof="12">
<value instanceof="11">
<![CDATA[ Left Nut]]>
</value>
</value>
<value instanceof="12">
<value instanceof="11">
<![CDATA[ Leftfield]]>
</value>
</value>
<value instanceof="12">
<value instanceof="11">
<![CDATA[ Leftstanding]]>
</value>
</value>
<value instanceof="12">
<value instanceof="11">
<![CDATA[ Legendary Pink Dots]]>
</value>
</value>
<value instanceof="12">
<value instanceof="11">
<![CDATA[ Leigh, Sonia]]>
</value>
</value>
<value instanceof="12">
<value instanceof="11">
<![CDATA[ LemonLime (Series)]]>
</value>
</value>
<value instanceof="12">
<value instanceof="11">
<![CDATA[ Lemonheads]]>
</value>
</value>
<value instanceof="12">
<value instanceof="11">
<![CDATA[ Len]]>
</value>
</value>
<value instanceof="12">
<value instanceof="11">
<![CDATA[ Lennon, Martin Luther]]>
</value>
</value>
<value instanceof="12">
<value instanceof="11">
<![CDATA[ Lennon, Sean]]>
</value>
</value>
<value instanceof="12">
<value instanceof="11">
<![CDATA[ Lennox, Annie]]>
</value>
</value>
<value instanceof="12">
<value instanceof="11">
<![CDATA[ Leonard Cohen (Tribute)]]>
</value>
</value>
<value instanceof="12">
<value instanceof="11">
<![CDATA[ Les Thugs]]>
</value>
</value>
<value instanceof="12">
<value instanceof="11">
<![CDATA[ Less Than Jake]]>
</value>
</value>
<value instanceof="12">
<value instanceof="11">
<![CDATA[ Let's Go Bowling]]>
</value>
</value>
<value instanceof="12">
<value instanceof="11">
<![CDATA[ Letters To Cleo]]>
</value>
</value>
<value instanceof="12">
<value instanceof="11">
<![CDATA[ Level 42]]>
</value>
</value>
<value instanceof="12">
<value instanceof="11">
<![CDATA[ Levellers]]>
</value>
</value>
<value instanceof="12">
<value instanceof="11">
<![CDATA[ Leven, Jackie]]>
</value>
</value>
<value instanceof="12">
<value instanceof="11">
<![CDATA[ Levene, Keith]]>
</value>
</value>
<value instanceof="12">
<value instanceof="11">
<![CDATA[ Levin, Tony]]>
</value>
</value>
<value instanceof="12">
<value instanceof="11">
<![CDATA[ Levy, Alison Faith]]>
</value>
</value>
<value instanceof="12">
<value instanceof="11">
<![CDATA[ Liberator]]>
</value>
</value>
<value instanceof="12">
<value instanceof="11">
<![CDATA[ Libertines]]>
</value>
</value>
<value instanceof="12">
<value instanceof="11">
<![CDATA[ Life After Life]]>
</value>
</value>
<value instanceof="12">
<value instanceof="11">
<![CDATA[ Life Of Agony]]>
</value>
</value>
<value instanceof="12">
<value instanceof="11">
<![CDATA[ Lifetime]]>
</value>
</value>
<value instanceof="12">
<value instanceof="11">
<![CDATA[ Light Crust Doughboys, The]]>
</value>
</value>
<value instanceof="12">
<value instanceof="11">
<![CDATA[ Lightning Seeds]]>
</value>
</value>
<value instanceof="12">
<value instanceof="11">
<![CDATA[ Lights Of Euphoria]]>
</value>
</value>
<value instanceof="12">
<value instanceof="11">
<![CDATA[ Lilac Time, The]]>
</value>
</value>
<value instanceof="12">
<value instanceof="11">
<![CDATA[ Lily Liver]]>
</value>
</value>
<value instanceof="12">
<value instanceof="11">
<![CDATA[ Limbeck]]>
</value>
</value>
<value instanceof="12">
<value instanceof="11">
<![CDATA[ Limesix]]>
</value>
</value>
<value instanceof="12">
<value instanceof="11">
<![CDATA[ Limp]]>
</value>
</value>
<value instanceof="12">
<value instanceof="11">
<![CDATA[ Limp Bizkit]]>
</value>
</value>
<value instanceof="12">
<value instanceof="11">
<![CDATA[ Link 80]]>
</value>
</value>
<value instanceof="12">
<value instanceof="11">
<![CDATA[ Linnell, John]]>
</value>
</value>
<value instanceof="12">
<value instanceof="11">
<![CDATA[ Liquidrone]]>
</value>
</value>
<value instanceof="12">
<value instanceof="11">
<![CDATA[ Listen, Raymond]]>
</value>
</value>
<value instanceof="12">
<value instanceof="11">
<![CDATA[ Lit]]>
</value>
</value>
<value instanceof="12">
<value instanceof="11">
<![CDATA[ Litmus Green]]>
</value>
</value>
<value instanceof="12">
<value instanceof="11">
<![CDATA[ Little Rooms]]>
</value>
</value>
<value instanceof="12">
<value instanceof="11">
<![CDATA[ Live]]>
</value>
</value>
<value instanceof="12">
<value instanceof="11">
<![CDATA[ Live At The Roxy (Series)]]>
</value>
</value>
<value instanceof="12">
<value instanceof="11">
<![CDATA[ Live At The Social (Series)]]>
</value>
</value>
<value instanceof="12">
<value instanceof="11">
<![CDATA[ Live Bands in the House (Series)]]>
</value>
</value>
<value instanceof="12">
<value instanceof="11">
<![CDATA[ Live From The Masque (Series)]]>
</value>
</value>
<value instanceof="12">
<value instanceof="11">
<![CDATA[ Live Skull]]>
</value>
</value>
<value instanceof="12">
<value instanceof="11">
<![CDATA[ Living End, The]]>
</value>
</value>
<value instanceof="12">
<value instanceof="11">
<![CDATA[ Living Sacrifice]]>
</value>
</value>
<value instanceof="12">
<value instanceof="11">
<![CDATA[ Lizards, Flying]]>
</value>
</value>
<value instanceof="12">
<value instanceof="11">
<![CDATA[ Lloyd, Floyd]]>
</value>
</value>
<value instanceof="12">
<value instanceof="11">
<![CDATA[ Lo Fidelity Allstars]]>
</value>
</value>
<value instanceof="12">
<value instanceof="11">
<![CDATA[ Loaded Poets]]>
</value>
</value>
<value instanceof="12">
<value instanceof="11">
<![CDATA[ Loafers]]>
</value>
</value>
<value instanceof="12">
<value instanceof="11">
<![CDATA[ Locke, Brent]]>
</value>
</value>
<value instanceof="12">
<value instanceof="11">
<![CDATA[ Logan, Jack]]>
</value>
</value>
<value instanceof="12">
<value instanceof="11">
<![CDATA[ Logical Nonsense]]>
</value>
</value>
<value instanceof="12">
<value instanceof="11">
<![CDATA[ Lohan, Sinead]]>
</value>
</value>
<value instanceof="12">
<value instanceof="11">
<![CDATA[ Lola Hum]]>
</value>
</value>
<value instanceof="12">
<value instanceof="11">
<![CDATA[ Loli & The Chones]]>
</value>
</value>
<value instanceof="12">
<value instanceof="11">
<![CDATA[ London]]>
</value>
</value>
<value instanceof="12">
<value instanceof="11">
<![CDATA[ London After Midnight]]>
</value>
</value>
<value instanceof="12">
<value instanceof="11">
<![CDATA[ London Suede]]>
</value>
</value>
<value instanceof="12">
<value instanceof="11">
<![CDATA[ Lonely Kings]]>
</value>
</value>
<value instanceof="12">
<value instanceof="11">
<![CDATA[ Lonesome Standard Time]]>
</value>
</value>
<value instanceof="12">
<value instanceof="11">
<![CDATA[ Long Hind Legs]]>
</value>
</value>
<value instanceof="12">
<value instanceof="11">
<![CDATA[ Long Pigs]]>
</value>
</value>
<value instanceof="12">
<value instanceof="11">
<![CDATA[ Long Ryders]]>
</value>
</value>
<value instanceof="12">
<value instanceof="11">
<![CDATA[ Long, Holly]]>
</value>
</value>
<value instanceof="12">
<value instanceof="11">
<![CDATA[ Longstocking]]>
</value>
</value>
<value instanceof="12">
<value instanceof="11">
<![CDATA[ Looper]]>
</value>
</value>
<value instanceof="12">
<value instanceof="11">
<![CDATA[ Loose Nuts, The]]>
</value>
</value>
<value instanceof="12">
<value instanceof="11">
<![CDATA[ Lord High Fixers]]>
</value>
</value>
<value instanceof="12">
<value instanceof="11">
<![CDATA[ Lord Tanamo W/Skatalites]]>
</value>
</value>
<value instanceof="12">
<value instanceof="11">
<![CDATA[ Lords Of The New Church]]>
</value>
</value>
<value instanceof="12">
<value instanceof="11">
<![CDATA[ Los Angeles]]>
</value>
</value>
<value instanceof="12">
<value instanceof="11">
<![CDATA[ Los Ass Draggers]]>
</value>
</value>
<value instanceof="12">
<value instanceof="11">
<![CDATA[ Los Calzones Rotos]]>
</value>
</value>
<value instanceof="12">
<value instanceof="11">
<![CDATA[ Los Changos Bandidos]]>
</value>
</value>
<value instanceof="12">
<value instanceof="11">
<![CDATA[ Los Cincos]]>
</value>
</value>
<value instanceof="12">
<value instanceof="11">
<![CDATA[ Los Gusanos]]>
</value>
</value>
<value instanceof="12">
<value instanceof="11">
<![CDATA[ Los Skarnales]]>
</value>
</value>
<value instanceof="12">
<value instanceof="11">
<![CDATA[ Los Vampiros]]>
</value>
</value>
<value instanceof="12">
<value instanceof="11">
<![CDATA[ Lost & Found]]>
</value>
</value>
<value instanceof="12">
<value instanceof="11">
<![CDATA[ Lost Vegas]]>
</value>
</value>
<value instanceof="12">
<value instanceof="11">
<![CDATA[ Loud Family]]>
</value>
</value>
<value instanceof="12">
<value instanceof="11">
<![CDATA[ Loudmouths]]>
</value>
</value>
<value instanceof="12">
<value instanceof="11">
<![CDATA[ Loudspeaker]]>
</value>
</value>
<value instanceof="12">
<value instanceof="11">
<![CDATA[ Lounge]]>
</value>
</value>
<value instanceof="12">
<value instanceof="11">
<![CDATA[ The Lounge Brigade]]>
</value>
</value>
<value instanceof="12">
<value instanceof="11">
<![CDATA[ Love & Money]]>
</value>
</value>
<value instanceof="12">
<value instanceof="11">
<![CDATA[ Love & Rockets]]>
</value>
</value>
<value instanceof="12">
<value instanceof="11">
<![CDATA[ Love Battery]]>
</value>
</value>
<value instanceof="12">
<value instanceof="11">
<![CDATA[ Love Jones]]>
</value>
</value>
<value instanceof="12">
<value instanceof="11">
<![CDATA[ Love Nugget]]>
</value>
</value>
<value instanceof="12">
<value instanceof="11">
<![CDATA[ Love Sculpture]]>
</value>
</value>
<value instanceof="12">
<value instanceof="11">
<![CDATA[ The Lovemasters]]>
</value>
</value>
<value instanceof="12">
<value instanceof="11">
<![CDATA[ Lovepump]]>
</value>
</value>
<value instanceof="12">
<value instanceof="11">
<![CDATA[ Loveseat]]>
</value>
</value>
<value instanceof="12">
<value instanceof="11">
<![CDATA[ Lovich, Lene]]>
</value>
</value>
<value instanceof="12">
<value instanceof="11">
<![CDATA[ Low]]>
</value>
</value>
<value instanceof="12">
<value instanceof="11">
<![CDATA[ Lowdowns]]>
</value>
</value>
<value instanceof="12">
<value instanceof="11">
<![CDATA[ Lowe, Nick]]>
</value>
</value>
<value instanceof="12">
<value instanceof="11">
<![CDATA[ Lowercase]]>
</value>
</value>
<value instanceof="12">
<value instanceof="11">
<![CDATA[ Luna]]>
</value>
</value>
<value instanceof="12">
<value instanceof="11">
<![CDATA[ Lunachicks]]>
</value>
</value>
<value instanceof="12">
<value instanceof="11">
<![CDATA[ Lunch, Lydia]]>
</value>
</value>
<value instanceof="12">
<value instanceof="11">
<![CDATA[ Lung Leg]]>
</value>
</value>
<value instanceof="12">
<value instanceof="11">
<![CDATA[ Lungfish]]>
</value>
</value>
<value instanceof="12">
<value instanceof="11">
<![CDATA[ Lurkers]]>
</value>
</value>
<value instanceof="12">
<value instanceof="11">
<![CDATA[ Luscious Jackson]]>
</value>
</value>
<value instanceof="12">
<value instanceof="11">
<![CDATA[ Lush]]>
</value>
</value>
<value instanceof="12">
<value instanceof="11">
<![CDATA[ Lustmord]]>
</value>
</value>
<value instanceof="12">
<value instanceof="11">
<![CDATA[ Lydon, John]]>
</value>
</value>
<value instanceof="12">
<value instanceof="11">
<![CDATA[ Lynch, Michael]]>
</value>
</value>
<value instanceof="12">
<value instanceof="11">
<![CDATA[ Lyres]]>
</value>
</value>
<value instanceof="12">
<value instanceof="11">
<![CDATA[ Lysergik]]>
</value>
</value>
</value>
</value>

