<value instanceof="14">
<value instanceof="3">
<value instanceof="2">
</value>
</value>
<value instanceof="4">
<![CDATA[ L]]>
</value>
<value instanceof="9">
<value instanceof="7">
</value>
</value>
<value instanceof="10">
<![CDATA[ L]]>
</value>
<value instanceof="13">
<value instanceof="12">
<value instanceof="11">
<![CDATA[ L'Art Vocal (Series)]]>
</value>
</value>
<value instanceof="12">
<value instanceof="11">
<![CDATA[ L'il Brian & Zydeco Travelers]]>
</value>
</value>
<value instanceof="12">
<value instanceof="11">
<![CDATA[ L.A. Blues Authority]]>
</value>
</value>
<value instanceof="12">
<value instanceof="11">
<![CDATA[ LA 4773 "Mitch Mills"]]>
</value>
</value>
<value instanceof="12">
<value instanceof="11">
<![CDATA[ La Beef, Sleepy]]>
</value>
</value>
<value instanceof="12">
<value instanceof="11">
<![CDATA[ LaTouche, John]]>
</value>
</value>
<value instanceof="12">
<value instanceof="11">
<![CDATA[ LaVey, Larry]]>
</value>
</value>
<value instanceof="12">
<value instanceof="11">
<![CDATA[ Labette, Bettye]]>
</value>
</value>
<value instanceof="12">
<value instanceof="11">
<![CDATA[ Lachney, Delma]]>
</value>
</value>
<value instanceof="12">
<value instanceof="11">
<![CDATA[ Lady Bianca]]>
</value>
</value>
<value instanceof="12">
<value instanceof="11">
<![CDATA[ Lamb & King Snakes, Paul]]>
</value>
</value>
<value instanceof="12">
<value instanceof="11">
<![CDATA[ Lamb & The King Snakes, Paul]]>
</value>
</value>
<value instanceof="12">
<value instanceof="11">
<![CDATA[ Lamont Cranston Band]]>
</value>
</value>
<value instanceof="12">
<value instanceof="11">
<![CDATA[ Lancaster, Byard]]>
</value>
</value>
<value instanceof="12">
<value instanceof="11">
<![CDATA[ Lancaster, Ernie]]>
</value>
</value>
<value instanceof="12">
<value instanceof="11">
<![CDATA[ Landreth, Sonny]]>
</value>
</value>
<value instanceof="12">
<value instanceof="11">
<![CDATA[ Lane, Jimmy D.]]>
</value>
</value>
<value instanceof="12">
<value instanceof="11">
<![CDATA[ Lane, Nathan]]>
</value>
</value>
<value instanceof="12">
<value instanceof="11">
<![CDATA[ Lang, Eddie]]>
</value>
</value>
<value instanceof="12">
<value instanceof="11">
<![CDATA[ Lang, Jonny]]>
</value>
</value>
<value instanceof="12">
<value instanceof="11">
<![CDATA[ Larson, Cory]]>
</value>
</value>
<value instanceof="12">
<value instanceof="11">
<![CDATA[ Lasalle, Denise]]>
</value>
</value>
<value instanceof="12">
<value instanceof="11">
<![CDATA[ Last Chance Jug Band]]>
</value>
</value>
<value instanceof="12">
<value instanceof="11">
<![CDATA[ Latarski, Don]]>
</value>
</value>
<value instanceof="12">
<value instanceof="11">
<![CDATA[ Laurie, Annie]]>
</value>
</value>
<value instanceof="12">
<value instanceof="11">
<![CDATA[ Laury, Booker T.]]>
</value>
</value>
<value instanceof="12">
<value instanceof="11">
<![CDATA[ Lavay Smith & Her Red Hot Skillet Lickers]]>
</value>
</value>
<value instanceof="12">
<value instanceof="11">
<![CDATA[ Lavin, Christine]]>
</value>
</value>
<value instanceof="12">
<value instanceof="11">
<![CDATA[ Lawrence, Elliot]]>
</value>
</value>
<value instanceof="12">
<value instanceof="11">
<![CDATA[ Laws, Johnny]]>
</value>
</value>
<value instanceof="12">
<value instanceof="11">
<![CDATA[ Lay, Sam]]>
</value>
</value>
<value instanceof="12">
<value instanceof="11">
<![CDATA[ Lazy Lester]]>
</value>
</value>
<value instanceof="12">
<value instanceof="11">
<![CDATA[ LeJeune, Eddie]]>
</value>
</value>
<value instanceof="12">
<value instanceof="11">
<![CDATA[ Leadbelly (Tribute)]]>
</value>
</value>
<value instanceof="12">
<value instanceof="11">
<![CDATA[ Leavy, Calvin]]>
</value>
</value>
<value instanceof="12">
<value instanceof="11">
<![CDATA[ Leavy, Hosea]]>
</value>
</value>
<value instanceof="12">
<value instanceof="11">
<![CDATA[ Led Zeppelin (Tribute)]]>
</value>
</value>
<value instanceof="12">
<value instanceof="11">
<![CDATA[ Ledet, Rosie]]>
</value>
</value>
<value instanceof="12">
<value instanceof="11">
<![CDATA[ Lee, Bonnie]]>
</value>
</value>
<value instanceof="12">
<value instanceof="11">
<![CDATA[ Lee, Bryan]]>
</value>
</value>
<value instanceof="12">
<value instanceof="11">
<![CDATA[ Lee, Frankie]]>
</value>
</value>
<value instanceof="12">
<value instanceof="11">
<![CDATA[ Lee, Glenn]]>
</value>
</value>
<value instanceof="12">
<value instanceof="11">
<![CDATA[ Lee, Julia]]>
</value>
</value>
<value instanceof="12">
<value instanceof="11">
<![CDATA[ Lee, Lovie]]>
</value>
</value>
<value instanceof="12">
<value instanceof="11">
<![CDATA[ Leecan, Bobby]]>
</value>
</value>
<value instanceof="12">
<value instanceof="11">
<![CDATA[ Left Hand Frank]]>
</value>
</value>
<value instanceof="12">
<value instanceof="11">
<![CDATA[ The Legacy Of The Blues (Series)]]>
</value>
</value>
<value instanceof="12">
<value instanceof="11">
<![CDATA[ Legendary Blues Band]]>
</value>
</value>
<value instanceof="12">
<value instanceof="11">
<![CDATA[ Legends Of Guitar (Series)]]>
</value>
</value>
<value instanceof="12">
<value instanceof="11">
<![CDATA[ Legends Of Jump Blues (Series)]]>
</value>
</value>
<value instanceof="12">
<value instanceof="11">
<![CDATA[ Legends Of The Blues (Series)]]>
</value>
</value>
<value instanceof="12">
<value instanceof="11">
<![CDATA[ Leigh, Keri]]>
</value>
</value>
<value instanceof="12">
<value instanceof="11">
<![CDATA[ Lejeune, Iry]]>
</value>
</value>
<value instanceof="12">
<value instanceof="11">
<![CDATA[ Lembo, Kim]]>
</value>
</value>
<value instanceof="12">
<value instanceof="11">
<![CDATA[ Lenny Smith & Friends]]>
</value>
</value>
<value instanceof="12">
<value instanceof="11">
<![CDATA[ Lenoir, J.B.]]>
</value>
</value>
<value instanceof="12">
<value instanceof="11">
<![CDATA[ Lepson, Tommy & The Lazy Boys]]>
</value>
</value>
<value instanceof="12">
<value instanceof="11">
<![CDATA[ Les Freres/Lawtell Playboys]]>
</value>
</value>
<value instanceof="12">
<value instanceof="11">
<![CDATA[ Levenson, Barry]]>
</value>
</value>
<value instanceof="12">
<value instanceof="11">
<![CDATA[ Levinson, William A]]>
</value>
</value>
<value instanceof="12">
<value instanceof="11">
<![CDATA[ Levy's Wild Kingdom, Ron]]>
</value>
</value>
<value instanceof="12">
<value instanceof="11">
<![CDATA[ Levy, Barrington]]>
</value>
</value>
<value instanceof="12">
<value instanceof="11">
<![CDATA[ Levy, Ron]]>
</value>
</value>
<value instanceof="12">
<value instanceof="11">
<![CDATA[ Lewis, Furry]]>
</value>
</value>
<value instanceof="12">
<value instanceof="11">
<![CDATA[ Lewis, Johnie]]>
</value>
</value>
<value instanceof="12">
<value instanceof="11">
<![CDATA[ Lewis, Margaret]]>
</value>
</value>
<value instanceof="12">
<value instanceof="11">
<![CDATA[ Lewis, Meade Lux]]>
</value>
</value>
<value instanceof="12">
<value instanceof="11">
<![CDATA[ Lewis, Noah]]>
</value>
</value>
<value instanceof="12">
<value instanceof="11">
<![CDATA[ Lewis, Pat]]>
</value>
</value>
<value instanceof="12">
<value instanceof="11">
<![CDATA[ Lewis, Smiley]]>
</value>
</value>
<value instanceof="12">
<value instanceof="11">
<![CDATA[ Lewis; Ammons; Sykes; Yancey; Slim]]>
</value>
</value>
<value instanceof="12">
<value instanceof="11">
<![CDATA[ Lexi]]>
</value>
</value>
<value instanceof="12">
<value instanceof="11">
<![CDATA[ Life In The Folk Lane (Series)]]>
</value>
</value>
<value instanceof="12">
<value instanceof="11">
<![CDATA[ Liggins, Jimmy]]>
</value>
</value>
<value instanceof="12">
<value instanceof="11">
<![CDATA[ Liggins, Joe]]>
</value>
</value>
<value instanceof="12">
<value instanceof="11">
<![CDATA[ Liggins, Joe & Honeydrippers]]>
</value>
</value>
<value instanceof="12">
<value instanceof="11">
<![CDATA[ Lightfoot, Jerry]]>
</value>
</value>
<value instanceof="12">
<value instanceof="11">
<![CDATA[ Lightfoot, Papa George]]>
</value>
</value>
<value instanceof="12">
<value instanceof="11">
<![CDATA[ Lightnin' Slim]]>
</value>
</value>
<value instanceof="12">
<value instanceof="11">
<![CDATA[ Lightning Red]]>
</value>
</value>
<value instanceof="12">
<value instanceof="11">
<![CDATA[ Lil Malcolm]]>
</value>
</value>
<value instanceof="12">
<value instanceof="11">
<![CDATA[ Lil' Band O' Gold]]>
</value>
</value>
<value instanceof="12">
<value instanceof="11">
<![CDATA[ Lil' Ed & The Blues Imperials]]>
</value>
</value>
<value instanceof="12">
<value instanceof="11">
<![CDATA[ Lil' Malcolm & House Rockers]]>
</value>
</value>
<value instanceof="12">
<value instanceof="11">
<![CDATA[ Lil' Ronnie & The Grand Dukes]]>
</value>
</value>
<value instanceof="12">
<value instanceof="11">
<![CDATA[ Lincoln/Baker]]>
</value>
</value>
<value instanceof="12">
<value instanceof="11">
<![CDATA[ Linden, Colin]]>
</value>
</value>
<value instanceof="12">
<value instanceof="11">
<![CDATA[ Linkchain, Hip]]>
</value>
</value>
<value instanceof="12">
<value instanceof="11">
<![CDATA[ Linwood Taylor Band]]>
</value>
</value>
<value instanceof="12">
<value instanceof="11">
<![CDATA[ Lipscomb, Mance]]>
</value>
</value>
<value instanceof="12">
<value instanceof="11">
<![CDATA[ Liston, Virginia]]>
</value>
</value>
<value instanceof="12">
<value instanceof="11">
<![CDATA[ Liston/Turner]]>
</value>
</value>
<value instanceof="12">
<value instanceof="11">
<![CDATA[ Little Anthony & Loco-Motives]]>
</value>
</value>
<value instanceof="12">
<value instanceof="11">
<![CDATA[ Little Anthony & Sugar Ray]]>
</value>
</value>
<value instanceof="12">
<value instanceof="11">
<![CDATA[ Little Buster/Soul Brothers]]>
</value>
</value>
<value instanceof="12">
<value instanceof="11">
<![CDATA[ Little Charlie & Nightcats]]>
</value>
</value>
<value instanceof="12">
<value instanceof="11">
<![CDATA[ Little Dickie Dean]]>
</value>
</value>
<value instanceof="12">
<value instanceof="11">
<![CDATA[ Little Esther]]>
</value>
</value>
<value instanceof="12">
<value instanceof="11">
<![CDATA[ Little Hatch]]>
</value>
</value>
<value instanceof="12">
<value instanceof="11">
<![CDATA[ Little Mike & Tornadoes]]>
</value>
</value>
<value instanceof="12">
<value instanceof="11">
<![CDATA[ Little Milton]]>
</value>
</value>
<value instanceof="12">
<value instanceof="11">
<![CDATA[ Little Sammy Davis]]>
</value>
</value>
<value instanceof="12">
<value instanceof="11">
<![CDATA[ Little Son Joe]]>
</value>
</value>
<value instanceof="12">
<value instanceof="11">
<![CDATA[ Little Sonny]]>
</value>
</value>
<value instanceof="12">
<value instanceof="11">
<![CDATA[ Little Walter]]>
</value>
</value>
<value instanceof="12">
<value instanceof="11">
<![CDATA[ Little Whitt & Big Bo]]>
</value>
</value>
<value instanceof="12">
<value instanceof="11">
<![CDATA[ Little Willie John]]>
</value>
</value>
<value instanceof="12">
<value instanceof="11">
<![CDATA[ Littlefield, Little Willie]]>
</value>
</value>
<value instanceof="12">
<value instanceof="11">
<![CDATA[ Littlejohn, John]]>
</value>
</value>
<value instanceof="12">
<value instanceof="11">
<![CDATA[ Littlejohn, Johnny]]>
</value>
</value>
<value instanceof="12">
<value instanceof="11">
<![CDATA[ Littles, Hattie]]>
</value>
</value>
<value instanceof="12">
<value instanceof="11">
<![CDATA[ Live At The Keystone (Series)]]>
</value>
</value>
<value instanceof="12">
<value instanceof="11">
<![CDATA[ Living Chicago Blues (Series)]]>
</value>
</value>
<value instanceof="12">
<value instanceof="11">
<![CDATA[ Lockheart, Paula]]>
</value>
</value>
<value instanceof="12">
<value instanceof="11">
<![CDATA[ Lockwood Jr., Robert]]>
</value>
</value>
<value instanceof="12">
<value instanceof="11">
<![CDATA[ Lockwood/Shines]]>
</value>
</value>
<value instanceof="12">
<value instanceof="11">
<![CDATA[ Lofton, Cripple Clarence]]>
</value>
</value>
<value instanceof="12">
<value instanceof="11">
<![CDATA[ Log III, Bob]]>
</value>
</value>
<value instanceof="12">
<value instanceof="11">
<![CDATA[ Logan, John 'juke']]>
</value>
</value>
<value instanceof="12">
<value instanceof="11">
<![CDATA[ Lomax Blues Revue, Willie]]>
</value>
</value>
<value instanceof="12">
<value instanceof="11">
<![CDATA[ Lonesome Strangers]]>
</value>
</value>
<value instanceof="12">
<value instanceof="11">
<![CDATA[ Lonesome Sundown]]>
</value>
</value>
<value instanceof="12">
<value instanceof="11">
<![CDATA[ Lonesome Sundown & Walker]]>
</value>
</value>
<value instanceof="12">
<value instanceof="11">
<![CDATA[ Loomis, Hamilton]]>
</value>
</value>
<value instanceof="12">
<value instanceof="11">
<![CDATA[ Lost American Bluesmen]]>
</value>
</value>
<value instanceof="12">
<value instanceof="11">
<![CDATA[ Louis, Joe Hill]]>
</value>
</value>
<value instanceof="12">
<value instanceof="11">
<![CDATA[ Louise, Miranda]]>
</value>
</value>
<value instanceof="12">
<value instanceof="11">
<![CDATA[ Louisiana Cajun Classics (Series)]]>
</value>
</value>
<value instanceof="12">
<value instanceof="11">
<![CDATA[ Louisiana Cajun French Music (Series)]]>
</value>
</value>
<value instanceof="12">
<value instanceof="11">
<![CDATA[ Louisiana Red]]>
</value>
</value>
<value instanceof="12">
<value instanceof="11">
<![CDATA[ Lovato, Beto]]>
</value>
</value>
<value instanceof="12">
<value instanceof="11">
<![CDATA[ Love Dogs]]>
</value>
</value>
<value instanceof="12">
<value instanceof="11">
<![CDATA[ Love, Clayton]]>
</value>
</value>
<value instanceof="12">
<value instanceof="11">
<![CDATA[ Lovejoy, Ronnie]]>
</value>
</value>
<value instanceof="12">
<value instanceof="11">
<![CDATA[ Lucas, Gary]]>
</value>
</value>
<value instanceof="12">
<value instanceof="11">
<![CDATA[ Lucas, Robert]]>
</value>
</value>
<value instanceof="12">
<value instanceof="11">
<![CDATA[ Lucille]]>
</value>
</value>
<value instanceof="12">
<value instanceof="11">
<![CDATA[ Lucky Seven]]>
</value>
</value>
<value instanceof="12">
<value instanceof="11">
<![CDATA[ Lunceford, Jimmy]]>
</value>
</value>
<value instanceof="12">
<value instanceof="11">
<![CDATA[ Luther, Martin]]>
</value>
</value>
<value instanceof="12">
<value instanceof="11">
<![CDATA[ Lynch, Brian]]>
</value>
</value>
<value instanceof="12">
<value instanceof="11">
<![CDATA[ Lynn, Barbara]]>
</value>
</value>
<value instanceof="12">
<value instanceof="11">
<![CDATA[ Lynn, Trudy]]>
</value>
</value>
<value instanceof="12">
<value instanceof="11">
<![CDATA[ Lynwood Slim]]>
</value>
</value>
</value>
</value>

