<value instanceof="14">
<value instanceof="3">
<value instanceof="2">
</value>
</value>
<value instanceof="4">
<![CDATA[ J]]>
</value>
<value instanceof="9">
<value instanceof="7">
</value>
</value>
<value instanceof="10">
<![CDATA[ J]]>
</value>
<value instanceof="13">
<value instanceof="12">
<value instanceof="11">
<![CDATA[ J'ai Ete Au Bal (Series)]]>
</value>
</value>
<value instanceof="12">
<value instanceof="11">
<![CDATA[ Jabo]]>
</value>
</value>
<value instanceof="12">
<value instanceof="11">
<![CDATA[ Jacas, Jake]]>
</value>
</value>
<value instanceof="12">
<value instanceof="11">
<![CDATA[ Jack Reynolds & Griswolds, Big]]>
</value>
</value>
<value instanceof="12">
<value instanceof="11">
<![CDATA[ Jacks]]>
</value>
</value>
<value instanceof="12">
<value instanceof="11">
<![CDATA[ Jackson, Big George]]>
</value>
</value>
<value instanceof="12">
<value instanceof="11">
<![CDATA[ Jackson, Bill]]>
</value>
</value>
<value instanceof="12">
<value instanceof="11">
<![CDATA[ Jackson, Bull Moose]]>
</value>
</value>
<value instanceof="12">
<value instanceof="11">
<![CDATA[ Jackson, Cordell]]>
</value>
</value>
<value instanceof="12">
<value instanceof="11">
<![CDATA[ Jackson, Fruteland]]>
</value>
</value>
<value instanceof="12">
<value instanceof="11">
<![CDATA[ Jackson, Jim]]>
</value>
</value>
<value instanceof="12">
<value instanceof="11">
<![CDATA[ Jackson, John]]>
</value>
</value>
<value instanceof="12">
<value instanceof="11">
<![CDATA[ Jackson, Lil' Son]]>
</value>
</value>
<value instanceof="12">
<value instanceof="11">
<![CDATA[ Jackson, Milt]]>
</value>
</value>
<value instanceof="12">
<value instanceof="11">
<![CDATA[ Jackson, Papa Charlie]]>
</value>
</value>
<value instanceof="12">
<value instanceof="11">
<![CDATA[ Jagger, Chris]]>
</value>
</value>
<value instanceof="12">
<value instanceof="11">
<![CDATA[ Jagger, Mick]]>
</value>
</value>
<value instanceof="12">
<value instanceof="11">
<![CDATA[ Jailhouse Blues]]>
</value>
</value>
<value instanceof="12">
<value instanceof="11">
<![CDATA[ Jamal, Ahmad]]>
</value>
</value>
<value instanceof="12">
<value instanceof="11">
<![CDATA[ Jambalaya Cajun Band]]>
</value>
</value>
<value instanceof="12">
<value instanceof="11">
<![CDATA[ James Montgomery Band]]>
</value>
</value>
<value instanceof="12">
<value instanceof="11">
<![CDATA[ James Rivers]]>
</value>
</value>
<value instanceof="12">
<value instanceof="11">
<![CDATA[ James, Elmore]]>
</value>
</value>
<value instanceof="12">
<value instanceof="11">
<![CDATA[ James, Etta]]>
</value>
</value>
<value instanceof="12">
<value instanceof="11">
<![CDATA[ James, Fredric]]>
</value>
</value>
<value instanceof="12">
<value instanceof="11">
<![CDATA[ James, Harry]]>
</value>
</value>
<value instanceof="12">
<value instanceof="11">
<![CDATA[ James, Jesse]]>
</value>
</value>
<value instanceof="12">
<value instanceof="11">
<![CDATA[ James, Skip]]>
</value>
</value>
<value instanceof="12">
<value instanceof="11">
<![CDATA[ James, Steve]]>
</value>
</value>
<value instanceof="12">
<value instanceof="11">
<![CDATA[ James/Curry]]>
</value>
</value>
<value instanceof="12">
<value instanceof="11">
<![CDATA[ Jamey Aebersold Play-A-Long Series]]>
</value>
</value>
<value instanceof="12">
<value instanceof="11">
<![CDATA[ Janis Joplin (Tribute)]]>
</value>
</value>
<value instanceof="12">
<value instanceof="11">
<![CDATA[ Jardell, Robert]]>
</value>
</value>
<value instanceof="12">
<value instanceof="11">
<![CDATA[ Jaxon, Frankie]]>
</value>
</value>
<value instanceof="12">
<value instanceof="11">
<![CDATA[ Jaxson, Led Blues Band]]>
</value>
</value>
<value instanceof="12">
<value instanceof="11">
<![CDATA[ Jaybird Coleman/Birmingham...]]>
</value>
</value>
<value instanceof="12">
<value instanceof="11">
<![CDATA[ Jazz 'Round Midnight (Series)]]>
</value>
</value>
<value instanceof="12">
<value instanceof="11">
<![CDATA[ Jazzin' The Blues]]>
</value>
</value>
<value instanceof="12">
<value instanceof="11">
<![CDATA[ Jean-Paul Bourelly]]>
</value>
</value>
<value instanceof="12">
<value instanceof="11">
<![CDATA[ Jefferson, Blind Lemon]]>
</value>
</value>
<value instanceof="12">
<value instanceof="11">
<![CDATA[ Jelly Roll Kings]]>
</value>
</value>
<value instanceof="12">
<value instanceof="11">
<![CDATA[ Jenkins, Deb]]>
</value>
</value>
<value instanceof="12">
<value instanceof="11">
<![CDATA[ Jenkins, Johnny]]>
</value>
</value>
<value instanceof="12">
<value instanceof="11">
<![CDATA[ Jennings, Bill]]>
</value>
</value>
<value instanceof="12">
<value instanceof="11">
<![CDATA[ Jesse Fuller]]>
</value>
</value>
<value instanceof="12">
<value instanceof="11">
<![CDATA[ Jewel]]>
</value>
</value>
<value instanceof="12">
<value instanceof="11">
<![CDATA[ Jewell, Jake]]>
</value>
</value>
<value instanceof="12">
<value instanceof="11">
<![CDATA[ Jim Belushi & The Sacred Heart]]>
</value>
</value>
<value instanceof="12">
<value instanceof="11">
<![CDATA[ Jimmy O]]>
</value>
</value>
<value instanceof="12">
<value instanceof="11">
<![CDATA[ Jo-El Sonnier]]>
</value>
</value>
<value instanceof="12">
<value instanceof="11">
<![CDATA[ Jocque & The Zydeco Hi-Rollers, Beau]]>
</value>
</value>
<value instanceof="12">
<value instanceof="11">
<![CDATA[ Joe Gaeta & Friends]]>
</value>
</value>
<value instanceof="12">
<value instanceof="11">
<![CDATA[ Joe Marillo and Mike Wofford]]>
</value>
</value>
<value instanceof="12">
<value instanceof="11">
<![CDATA[ Johansen, David]]>
</value>
</value>
<value instanceof="12">
<value instanceof="11">
<![CDATA[ John Byrd & Walter Taylor]]>
</value>
</value>
<value instanceof="12">
<value instanceof="11">
<![CDATA[ John Hammond & The Nighthawks]]>
</value>
</value>
<value instanceof="12">
<value instanceof="11">
<![CDATA[ John Weston & Blues Force]]>
</value>
</value>
<value instanceof="12">
<value instanceof="11">
<![CDATA[ John, Mable]]>
</value>
</value>
<value instanceof="12">
<value instanceof="11">
<![CDATA[ Johnny "Yard Dog" Jones]]>
</value>
</value>
<value instanceof="12">
<value instanceof="11">
<![CDATA[ Johnny Hoy & Bluefish]]>
</value>
</value>
<value instanceof="12">
<value instanceof="11">
<![CDATA[ Johnny Nocturne Band]]>
</value>
</value>
<value instanceof="12">
<value instanceof="11">
<![CDATA[ Johnny Taylor, Little]]>
</value>
</value>
<value instanceof="12">
<value instanceof="11">
<![CDATA[ Johns, Gary]]>
</value>
</value>
<value instanceof="12">
<value instanceof="11">
<![CDATA[ Johnson, Al]]>
</value>
</value>
<value instanceof="12">
<value instanceof="11">
<![CDATA[ Johnson, Blind Willie]]>
</value>
</value>
<value instanceof="12">
<value instanceof="11">
<![CDATA[ Johnson, Bubber]]>
</value>
</value>
<value instanceof="12">
<value instanceof="11">
<![CDATA[ Johnson, Don]]>
</value>
</value>
<value instanceof="12">
<value instanceof="11">
<![CDATA[ Johnson, Ernie]]>
</value>
</value>
<value instanceof="12">
<value instanceof="11">
<![CDATA[ Johnson, Herman E.]]>
</value>
</value>
<value instanceof="12">
<value instanceof="11">
<![CDATA[ Johnson, Howard]]>
</value>
</value>
<value instanceof="12">
<value instanceof="11">
<![CDATA[ Johnson, James Stump]]>
</value>
</value>
<value instanceof="12">
<value instanceof="11">
<![CDATA[ Johnson, Jimmy]]>
</value>
</value>
<value instanceof="12">
<value instanceof="11">
<![CDATA[ Johnson, Jimmy, (Bass)]]>
</value>
</value>
<value instanceof="12">
<value instanceof="11">
<![CDATA[ Johnson, Joel Band]]>
</value>
</value>
<value instanceof="12">
<value instanceof="11">
<![CDATA[ Johnson, Johnnie]]>
</value>
</value>
<value instanceof="12">
<value instanceof="11">
<![CDATA[ Johnson, Johnnie & Kentucky Hea]]>
</value>
</value>
<value instanceof="12">
<value instanceof="11">
<![CDATA[ Johnson, Lil]]>
</value>
</value>
<value instanceof="12">
<value instanceof="11">
<![CDATA[ Johnson, Lonnie]]>
</value>
</value>
<value instanceof="12">
<value instanceof="11">
<![CDATA[ Johnson, Luther "Georgia Boy"]]>
</value>
</value>
<value instanceof="12">
<value instanceof="11">
<![CDATA[ Johnson, Luther "Guitar Jr."]]>
</value>
</value>
<value instanceof="12">
<value instanceof="11">
<![CDATA[ Johnson, Margaret]]>
</value>
</value>
<value instanceof="12">
<value instanceof="11">
<![CDATA[ Johnson, Mary]]>
</value>
</value>
<value instanceof="12">
<value instanceof="11">
<![CDATA[ Johnson, Merline (yas Yas Girl)]]>
</value>
</value>
<value instanceof="12">
<value instanceof="11">
<![CDATA[ Johnson, Orville]]>
</value>
</value>
<value instanceof="12">
<value instanceof="11">
<![CDATA[ Johnson, Pete]]>
</value>
</value>
<value instanceof="12">
<value instanceof="11">
<![CDATA[ Johnson, Roger]]>
</value>
</value>
<value instanceof="12">
<value instanceof="11">
<![CDATA[ Johnson, Roy Lee]]>
</value>
</value>
<value instanceof="12">
<value instanceof="11">
<![CDATA[ Johnson, Ruby]]>
</value>
</value>
<value instanceof="12">
<value instanceof="11">
<![CDATA[ Johnson, Shirley]]>
</value>
</value>
<value instanceof="12">
<value instanceof="11">
<![CDATA[ Johnson, Syl]]>
</value>
</value>
<value instanceof="12">
<value instanceof="11">
<![CDATA[ Johnson, Tommy]]>
</value>
</value>
<value instanceof="12">
<value instanceof="11">
<![CDATA[ Johnson,Larry]]>
</value>
</value>
<value instanceof="12">
<value instanceof="11">
<![CDATA[ Johnson,Robert]]>
</value>
</value>
<value instanceof="12">
<value instanceof="11">
<![CDATA[ Johnson/Hammond]]>
</value>
</value>
<value instanceof="12">
<value instanceof="11">
<![CDATA[ Johnson/Love/Vaughn]]>
</value>
</value>
<value instanceof="12">
<value instanceof="11">
<![CDATA[ Jolly/Rance]]>
</value>
</value>
<value instanceof="12">
<value instanceof="11">
<![CDATA[ Jones & Blues Messengers, L. A.]]>
</value>
</value>
<value instanceof="12">
<value instanceof="11">
<![CDATA[ Jones, Andrew "Jr. Boy"]]>
</value>
</value>
<value instanceof="12">
<value instanceof="11">
<![CDATA[ Jones, Bessie]]>
</value>
</value>
<value instanceof="12">
<value instanceof="11">
<![CDATA[ Jones, Calvin 'Fuzz']]>
</value>
</value>
<value instanceof="12">
<value instanceof="11">
<![CDATA[ Jones, Casey]]>
</value>
</value>
<value instanceof="12">
<value instanceof="11">
<![CDATA[ Jones, Curtis]]>
</value>
</value>
<value instanceof="12">
<value instanceof="11">
<![CDATA[ Jones, Eddie Lee 'mustright']]>
</value>
</value>
<value instanceof="12">
<value instanceof="11">
<![CDATA[ Jones, Floyd]]>
</value>
</value>
<value instanceof="12">
<value instanceof="11">
<![CDATA[ Jones, Johnny]]>
</value>
</value>
<value instanceof="12">
<value instanceof="11">
<![CDATA[ Jones, Keziah]]>
</value>
</value>
<value instanceof="12">
<value instanceof="11">
<![CDATA[ Jones, Lloyd]]>
</value>
</value>
<value instanceof="12">
<value instanceof="11">
<![CDATA[ Jones, Maggie]]>
</value>
</value>
<value instanceof="12">
<value instanceof="11">
<![CDATA[ Jones, Paul]]>
</value>
</value>
<value instanceof="12">
<value instanceof="11">
<![CDATA[ Jones, Paul 'Wine']]>
</value>
</value>
<value instanceof="12">
<value instanceof="11">
<![CDATA[ Jones, Paul Ubana]]>
</value>
</value>
<value instanceof="12">
<value instanceof="11">
<![CDATA[ Jones, Sandy]]>
</value>
</value>
<value instanceof="12">
<value instanceof="11">
<![CDATA[ Jones, Tutu]]>
</value>
</value>
<value instanceof="12">
<value instanceof="11">
<![CDATA[ Jones/Bentley]]>
</value>
</value>
<value instanceof="12">
<value instanceof="11">
<![CDATA[ Jones/Hazelton]]>
</value>
</value>
<value instanceof="12">
<value instanceof="11">
<![CDATA[ Jones/Richardson/Irvin]]>
</value>
</value>
<value instanceof="12">
<value instanceof="11">
<![CDATA[ Jones/Smith]]>
</value>
</value>
<value instanceof="12">
<value instanceof="11">
<![CDATA[ Jordan & His Tympany 5, Louis]]>
</value>
</value>
<value instanceof="12">
<value instanceof="11">
<![CDATA[ Jordan, Charley]]>
</value>
</value>
<value instanceof="12">
<value instanceof="11">
<![CDATA[ Jordan, Louis]]>
</value>
</value>
<value instanceof="12">
<value instanceof="11">
<![CDATA[ Junior Parker]]>
</value>
</value>
<value instanceof="12">
<value instanceof="11">
<![CDATA[ Junior Parker]]>
</value>
</value>
<value instanceof="12">
<value instanceof="11">
<![CDATA[ Junkyard Jane]]>
</value>
</value>
<value instanceof="12">
<value instanceof="11">
<![CDATA[ Junkyardmen]]>
</value>
</value>
<value instanceof="12">
<value instanceof="11">
<![CDATA[ Just, Andy]]>
</value>
</value>
<value instanceof="12">
<value instanceof="11">
<![CDATA[ Justin, Amyl]]>
</value>
</value>
</value>
</value>

