<value instanceof="14">
<value instanceof="3">
<value instanceof="2">
</value>
</value>
<value instanceof="4">
<![CDATA[ A]]>
</value>
<value instanceof="9">
<value instanceof="7">
</value>
</value>
<value instanceof="10">
<![CDATA[ A]]>
</value>
<value instanceof="13">
<value instanceof="12">
<value instanceof="11">
<![CDATA[ AC Steel & The Galvanizers]]>
</value>
</value>
<value instanceof="12">
<value instanceof="11">
<![CDATA[ Abrahams, Mick]]>
</value>
</value>
<value instanceof="12">
<value instanceof="11">
<![CDATA[ Abshire, Nathan]]>
</value>
</value>
<value instanceof="12">
<value instanceof="11">
<![CDATA[ Absolute Blues (Series)]]>
</value>
</value>
<value instanceof="12">
<value instanceof="11">
<![CDATA[ Adams, Alberta]]>
</value>
</value>
<value instanceof="12">
<value instanceof="11">
<![CDATA[ Adams, Arthur]]>
</value>
</value>
<value instanceof="12">
<value instanceof="11">
<![CDATA[ Adams, George]]>
</value>
</value>
<value instanceof="12">
<value instanceof="11">
<![CDATA[ Adams, Johnny]]>
</value>
</value>
<value instanceof="12">
<value instanceof="11">
<![CDATA[ Adegbalola, Gaye]]>
</value>
</value>
<value instanceof="12">
<value instanceof="11">
<![CDATA[ Adkins, Hasil]]>
</value>
</value>
<value instanceof="12">
<value instanceof="11">
<![CDATA[ Adler, Jerry]]>
</value>
</value>
<value instanceof="12">
<value instanceof="11">
<![CDATA[ Adler, Tom]]>
</value>
</value>
<value instanceof="12">
<value instanceof="11">
<![CDATA[ Affif, Ron]]>
</value>
</value>
<value instanceof="12">
<value instanceof="11">
<![CDATA[ Age Of Reson]]>
</value>
</value>
<value instanceof="12">
<value instanceof="11">
<![CDATA[ Al Garner & the Roadrunners]]>
</value>
</value>
<value instanceof="12">
<value instanceof="11">
<![CDATA[ Alabama Sacred Harp Singers]]>
</value>
</value>
<value instanceof="12">
<value instanceof="11">
<![CDATA[ Alan Lomax]]>
</value>
</value>
<value instanceof="12">
<value instanceof="11">
<![CDATA[ Albert Collins]]>
</value>
</value>
<value instanceof="12">
<value instanceof="11">
<![CDATA[ Albert King]]>
</value>
</value>
<value instanceof="12">
<value instanceof="11">
<![CDATA[ Alexander, Arthur]]>
</value>
</value>
<value instanceof="12">
<value instanceof="11">
<![CDATA[ Alexander, Eric]]>
</value>
</value>
<value instanceof="12">
<value instanceof="11">
<![CDATA[ Alexander, Texas]]>
</value>
</value>
<value instanceof="12">
<value instanceof="11">
<![CDATA[ Alexis Korner Memorial Concert (Series)]]>
</value>
</value>
<value instanceof="12">
<value instanceof="11">
<![CDATA[ Algia Mae Hinton]]>
</value>
</value>
<value instanceof="12">
<value instanceof="11">
<![CDATA[ All-Ears Review #6]]>
</value>
</value>
<value instanceof="12">
<value instanceof="11">
<![CDATA[ All-Ears Review #7]]>
</value>
</value>
<value instanceof="12">
<value instanceof="11">
<![CDATA[ Allan, Johnnie]]>
</value>
</value>
<value instanceof="12">
<value instanceof="11">
<![CDATA[ Allemana, Mike]]>
</value>
</value>
<value instanceof="12">
<value instanceof="11">
<![CDATA[ Allen, Ernestine]]>
</value>
</value>
<value instanceof="12">
<value instanceof="11">
<![CDATA[ Allen, Orley]]>
</value>
</value>
<value instanceof="12">
<value instanceof="11">
<![CDATA[ Alligator Stomp (Series)]]>
</value>
</value>
<value instanceof="12">
<value instanceof="11">
<![CDATA[ Allison, Bernard]]>
</value>
</value>
<value instanceof="12">
<value instanceof="11">
<![CDATA[ Allison, Luther]]>
</value>
</value>
<value instanceof="12">
<value instanceof="11">
<![CDATA[ Allman, Gregg]]>
</value>
</value>
<value instanceof="12">
<value instanceof="11">
<![CDATA[ Alper, Gregory]]>
</value>
</value>
<value instanceof="12">
<value instanceof="11">
<![CDATA[ Alphabetical Four]]>
</value>
</value>
<value instanceof="12">
<value instanceof="11">
<![CDATA[ Alvin Red Tyler]]>
</value>
</value>
<value instanceof="12">
<value instanceof="11">
<![CDATA[ Ammons, Albert]]>
</value>
</value>
<value instanceof="12">
<value instanceof="11">
<![CDATA[ Andersen, Eric]]>
</value>
</value>
<value instanceof="12">
<value instanceof="11">
<![CDATA[ Andersen/Danko/Fjeld]]>
</value>
</value>
<value instanceof="12">
<value instanceof="11">
<![CDATA[ Anderson, Ian]]>
</value>
</value>
<value instanceof="12">
<value instanceof="11">
<![CDATA[ Anderson, Kip]]>
</value>
</value>
<value instanceof="12">
<value instanceof="11">
<![CDATA[ Anderson, Little Willie]]>
</value>
</value>
<value instanceof="12">
<value instanceof="11">
<![CDATA[ Anderson, Mildred]]>
</value>
</value>
<value instanceof="12">
<value instanceof="11">
<![CDATA[ Anderson, Pink]]>
</value>
</value>
<value instanceof="12">
<value instanceof="11">
<![CDATA[ Angel South]]>
</value>
</value>
<value instanceof="12">
<value instanceof="11">
<![CDATA[ Angel, Jimmy]]>
</value>
</value>
<value instanceof="12">
<value instanceof="11">
<![CDATA[ Angelle, Donna]]>
</value>
</value>
<value instanceof="12">
<value instanceof="11">
<![CDATA[ Angelle, Zydeco Posse]]>
</value>
</value>
<value instanceof="12">
<value instanceof="11">
<![CDATA[ Ann Arbor Blues & Jazz Festival]]>
</value>
</value>
<value instanceof="12">
<value instanceof="11">
<![CDATA[ Anthony Gomes Band]]>
</value>
</value>
<value instanceof="12">
<value instanceof="11">
<![CDATA[ Anthony, Eddie]]>
</value>
</value>
<value instanceof="12">
<value instanceof="11">
<![CDATA[ Arceneaux, Fernest]]>
</value>
</value>
<value instanceof="12">
<value instanceof="11">
<![CDATA[ Archibald, William]]>
</value>
</value>
<value instanceof="12">
<value instanceof="11">
<![CDATA[ Ardion, Amede]]>
</value>
</value>
<value instanceof="12">
<value instanceof="11">
<![CDATA[ Ardoin & Double Clutchin', Chris]]>
</value>
</value>
<value instanceof="12">
<value instanceof="11">
<![CDATA[ Ardoin, Alphonse 'Bois Sec']]>
</value>
</value>
<value instanceof="12">
<value instanceof="11">
<![CDATA[ Ardoin, Amede]]>
</value>
</value>
<value instanceof="12">
<value instanceof="11">
<![CDATA[ Ardoin, Sean]]>
</value>
</value>
<value instanceof="12">
<value instanceof="11">
<![CDATA[ Arhoolie Label Classics (Series)]]>
</value>
</value>
<value instanceof="12">
<value instanceof="11">
<![CDATA[ Arizona Dranes]]>
</value>
</value>
<value instanceof="12">
<value instanceof="11">
<![CDATA[ Arlen, Harold]]>
</value>
</value>
<value instanceof="12">
<value instanceof="11">
<![CDATA[ Armand & Bluesology]]>
</value>
</value>
<value instanceof="12">
<value instanceof="11">
<![CDATA[ Armstrong, Howard]]>
</value>
</value>
<value instanceof="12">
<value instanceof="11">
<![CDATA[ Armstrong, James]]>
</value>
</value>
<value instanceof="12">
<value instanceof="11">
<![CDATA[ Armstrong, Louis]]>
</value>
</value>
<value instanceof="12">
<value instanceof="11">
<![CDATA[ Armstrongs, Martin Bogan & The]]>
</value>
</value>
<value instanceof="12">
<value instanceof="11">
<![CDATA[ Arnold, Billy Boy]]>
</value>
</value>
<value instanceof="12">
<value instanceof="11">
<![CDATA[ Arnold, Kokomo]]>
</value>
</value>
<value instanceof="12">
<value instanceof="11">
<![CDATA[ Artesians]]>
</value>
</value>
<value instanceof="12">
<value instanceof="11">
<![CDATA[ Atlantic Blues (Series)]]>
</value>
</value>
<value instanceof="12">
<value instanceof="11">
<![CDATA[ Atlantic Label (Series)]]>
</value>
</value>
<value instanceof="12">
<value instanceof="11">
<![CDATA[ August, Lynn]]>
</value>
</value>
<value instanceof="12">
<value instanceof="11">
<![CDATA[ Auldridge, Mike]]>
</value>
</value>
<value instanceof="12">
<value instanceof="11">
<![CDATA[ Austin, Jesse]]>
</value>
</value>
<value instanceof="12">
<value instanceof="11">
<![CDATA[ Austin, Lovie]]>
</value>
</value>
<value instanceof="12">
<value instanceof="11">
<![CDATA[ Authentic Cajun Lullabies]]>
</value>
</value>
<value instanceof="12">
<value instanceof="11">
<![CDATA[ Autry, Gene]]>
</value>
</value>
</value>
</value>

