<value instanceof="14">
<value instanceof="3">
<value instanceof="0">
</value>
</value>
<value instanceof="4">
<![CDATA[ E]]>
</value>
<value instanceof="9">
<value instanceof="8">
</value>
</value>
<value instanceof="10">
<![CDATA[ E]]>
</value>
<value instanceof="13">
<value instanceof="12">
<value instanceof="11">
<![CDATA[ E-Town Concrete]]>
</value>
</value>
<value instanceof="12">
<value instanceof="11">
<![CDATA[ EM Grueve]]>
</value>
</value>
<value instanceof="12">
<value instanceof="11">
<![CDATA[ Eaglesmith, Fred]]>
</value>
</value>
<value instanceof="12">
<value instanceof="11">
<![CDATA[ Eaglin, Rebecca]]>
</value>
</value>
<value instanceof="12">
<value instanceof="11">
<![CDATA[ Earth Crisis]]>
</value>
</value>
<value instanceof="12">
<value instanceof="11">
<![CDATA[ Earth Eighteen]]>
</value>
</value>
<value instanceof="12">
<value instanceof="11">
<![CDATA[ Earth, Mother]]>
</value>
</value>
<value instanceof="12">
<value instanceof="11">
<![CDATA[ East River Pipe]]>
</value>
</value>
<value instanceof="12">
<value instanceof="11">
<![CDATA[ Eastern Standard Time]]>
</value>
</value>
<value instanceof="12">
<value instanceof="11">
<![CDATA[ Easy Big Fella]]>
</value>
</value>
<value instanceof="12">
<value instanceof="11">
<![CDATA[ Eater]]>
</value>
</value>
<value instanceof="12">
<value instanceof="11">
<![CDATA[ Eaters, Lotus]]>
</value>
</value>
<value instanceof="12">
<value instanceof="11">
<![CDATA[ Ebin-Rose]]>
</value>
</value>
<value instanceof="12">
<value instanceof="11">
<![CDATA[ Ec8or]]>
</value>
</value>
<value instanceof="12">
<value instanceof="11">
<![CDATA[ Echo & The Bunnymen]]>
</value>
</value>
<value instanceof="12">
<value instanceof="11">
<![CDATA[ Echo Stylus]]>
</value>
</value>
<value instanceof="12">
<value instanceof="11">
<![CDATA[ Echoing Green, The]]>
</value>
</value>
<value instanceof="12">
<value instanceof="11">
<![CDATA[ The Eclectics]]>
</value>
</value>
<value instanceof="12">
<value instanceof="11">
<![CDATA[ Eclipse]]>
</value>
</value>
<value instanceof="12">
<value instanceof="11">
<![CDATA[ Eco-Hed]]>
</value>
</value>
<value instanceof="12">
<value instanceof="11">
<![CDATA[ Eddie & The Hot Rods]]>
</value>
</value>
<value instanceof="12">
<value instanceof="11">
<![CDATA[ Eden]]>
</value>
</value>
<value instanceof="12">
<value instanceof="11">
<![CDATA[ Edgewise]]>
</value>
</value>
<value instanceof="12">
<value instanceof="11">
<![CDATA[ Edmunds, Dave]]>
</value>
</value>
<value instanceof="12">
<value instanceof="11">
<![CDATA[ Edna's Goldfish]]>
</value>
</value>
<value instanceof="12">
<value instanceof="11">
<![CDATA[ Eels]]>
</value>
</value>
<value instanceof="12">
<value instanceof="11">
<![CDATA[ Een, Robert]]>
</value>
</value>
<value instanceof="12">
<value instanceof="11">
<![CDATA[ Eenie Meenie]]>
</value>
</value>
<value instanceof="12">
<value instanceof="11">
<![CDATA[ Effigies]]>
</value>
</value>
<value instanceof="12">
<value instanceof="11">
<![CDATA[ Egg Hunt]]>
</value>
</value>
<value instanceof="12">
<value instanceof="11">
<![CDATA[ Eight, Stand Up]]>
</value>
</value>
<value instanceof="12">
<value instanceof="11">
<![CDATA[ Eight-Eyed Spy]]>
</value>
</value>
<value instanceof="12">
<value instanceof="11">
<![CDATA[ Einheit, F.M.]]>
</value>
</value>
<value instanceof="12">
<value instanceof="11">
<![CDATA[ Einsturzende Neubauten]]>
</value>
</value>
<value instanceof="12">
<value instanceof="11">
<![CDATA[ El Bad]]>
</value>
</value>
<value instanceof="12">
<value instanceof="11">
<![CDATA[ El Nino]]>
</value>
</value>
<value instanceof="12">
<value instanceof="11">
<![CDATA[ El Stew]]>
</value>
</value>
<value instanceof="12">
<value instanceof="11">
<![CDATA[ Elastica]]>
</value>
</value>
<value instanceof="12">
<value instanceof="11">
<![CDATA[ Elea]]>
</value>
</value>
<value instanceof="12">
<value instanceof="11">
<![CDATA[ Electric Chairmen]]>
</value>
</value>
<value instanceof="12">
<value instanceof="11">
<![CDATA[ Electric Eels]]>
</value>
</value>
<value instanceof="12">
<value instanceof="11">
<![CDATA[ Electric Frankenstein]]>
</value>
</value>
<value instanceof="12">
<value instanceof="11">
<![CDATA[ Electric Hellfire Club]]>
</value>
</value>
<value instanceof="12">
<value instanceof="11">
<![CDATA[ Electric Wizard]]>
</value>
</value>
<value instanceof="12">
<value instanceof="11">
<![CDATA[ Electro Diesel]]>
</value>
</value>
<value instanceof="12">
<value instanceof="11">
<![CDATA[ Electro-Assassins]]>
</value>
</value>
<value instanceof="12">
<value instanceof="11">
<![CDATA[ Electrocutes]]>
</value>
</value>
<value instanceof="12">
<value instanceof="11">
<![CDATA[ Electronic]]>
</value>
</value>
<value instanceof="12">
<value instanceof="11">
<![CDATA[ Element 101]]>
</value>
</value>
<value instanceof="12">
<value instanceof="11">
<![CDATA[ Elements, The]]>
</value>
</value>
<value instanceof="12">
<value instanceof="11">
<![CDATA[ Elevator To Hell]]>
</value>
</value>
<value instanceof="12">
<value instanceof="11">
<![CDATA[ Elevator, Artists, Various]]>
</value>
</value>
<value instanceof="12">
<value instanceof="11">
<![CDATA[ Elf Power]]>
</value>
</value>
<value instanceof="12">
<value instanceof="11">
<![CDATA[ Elfman, Danny]]>
</value>
</value>
<value instanceof="12">
<value instanceof="11">
<![CDATA[ Elliot]]>
</value>
</value>
<value instanceof="12">
<value instanceof="11">
<![CDATA[ Elliot-K]]>
</value>
</value>
<value instanceof="12">
<value instanceof="11">
<![CDATA[ Elliott]]>
</value>
</value>
<value instanceof="12">
<value instanceof="11">
<![CDATA[ Elson, Steve Andrew]]>
</value>
</value>
<value instanceof="12">
<value instanceof="11">
<![CDATA[ Elwood]]>
</value>
</value>
<value instanceof="12">
<value instanceof="11">
<![CDATA[ Embarrassment]]>
</value>
</value>
<value instanceof="12">
<value instanceof="11">
<![CDATA[ Embrace (UK)]]>
</value>
</value>
<value instanceof="12">
<value instanceof="11">
<![CDATA[ Embrace (US)]]>
</value>
</value>
<value instanceof="12">
<value instanceof="11">
<![CDATA[ Embryo Killers]]>
</value>
</value>
<value instanceof="12">
<value instanceof="11">
<![CDATA[ Emf]]>
</value>
</value>
<value instanceof="12">
<value instanceof="11">
<![CDATA[ Emily's Sassy Lime]]>
</value>
</value>
<value instanceof="12">
<value instanceof="11">
<![CDATA[ Emperor Penguin]]>
</value>
</value>
<value instanceof="12">
<value instanceof="11">
<![CDATA[ Endpoint]]>
</value>
</value>
<value instanceof="12">
<value instanceof="11">
<![CDATA[ Engage]]>
</value>
</value>
<value instanceof="12">
<value instanceof="11">
<![CDATA[ Engine '54]]>
</value>
</value>
<value instanceof="12">
<value instanceof="11">
<![CDATA[ Engine Down]]>
</value>
</value>
<value instanceof="12">
<value instanceof="11">
<![CDATA[ Engine Kid]]>
</value>
</value>
<value instanceof="12">
<value instanceof="11">
<![CDATA[ English Beat]]>
</value>
</value>
<value instanceof="12">
<value instanceof="11">
<![CDATA[ English Dogs]]>
</value>
</value>
<value instanceof="12">
<value instanceof="11">
<![CDATA[ Enigk, Jeremy]]>
</value>
</value>
<value instanceof="12">
<value instanceof="11">
<![CDATA[ Enigma]]>
</value>
</value>
<value instanceof="12">
<value instanceof="11">
<![CDATA[ Enkindel]]>
</value>
</value>
<value instanceof="12">
<value instanceof="11">
<![CDATA[ Enkindels]]>
</value>
</value>
<value instanceof="12">
<value instanceof="11">
<![CDATA[ Eno, Brian]]>
</value>
</value>
<value instanceof="12">
<value instanceof="11">
<![CDATA[ Ensign]]>
</value>
</value>
<value instanceof="12">
<value instanceof="11">
<![CDATA[ Entertainment Weekly (Series)]]>
</value>
</value>
<value instanceof="12">
<value instanceof="11">
<![CDATA[ Entombed]]>
</value>
</value>
<value instanceof="12">
<value instanceof="11">
<![CDATA[ Enya]]>
</value>
</value>
<value instanceof="12">
<value instanceof="11">
<![CDATA[ Enz, Split]]>
</value>
</value>
<value instanceof="12">
<value instanceof="11">
<![CDATA[ Epileptic Disco]]>
</value>
</value>
<value instanceof="12">
<value instanceof="11">
<![CDATA[ Era]]>
</value>
</value>
<value instanceof="12">
<value instanceof="11">
<![CDATA[ Erasure]]>
</value>
</value>
<value instanceof="12">
<value instanceof="11">
<![CDATA[ Erato]]>
</value>
</value>
<value instanceof="12">
<value instanceof="11">
<![CDATA[ Erectus Monotone]]>
</value>
</value>
<value instanceof="12">
<value instanceof="11">
<![CDATA[ Ergot Derivative, The]]>
</value>
</value>
<value instanceof="12">
<value instanceof="11">
<![CDATA[ Eric McFadden Experience]]>
</value>
</value>
<value instanceof="12">
<value instanceof="11">
<![CDATA[ Erica's Other Life]]>
</value>
</value>
<value instanceof="12">
<value instanceof="11">
<![CDATA[ Errortype: 11]]>
</value>
</value>
<value instanceof="12">
<value instanceof="11">
<![CDATA[ Escape Club]]>
</value>
</value>
<value instanceof="12">
<value instanceof="11">
<![CDATA[ Esquivel]]>
</value>
</value>
<value instanceof="12">
<value instanceof="11">
<![CDATA[ Establishment, Anti]]>
</value>
</value>
<value instanceof="12">
<value instanceof="11">
<![CDATA[ Estefan, Gloria]]>
</value>
</value>
<value instanceof="12">
<value instanceof="11">
<![CDATA[ Estoc, Blanc]]>
</value>
</value>
<value instanceof="12">
<value instanceof="11">
<![CDATA[ Eternal]]>
</value>
</value>
<value instanceof="12">
<value instanceof="11">
<![CDATA[ Ether Hogg]]>
</value>
</value>
<value instanceof="12">
<value instanceof="11">
<![CDATA[ Etheridge, Melissa]]>
</value>
</value>
<value instanceof="12">
<value instanceof="11">
<![CDATA[ Ethiopians, The]]>
</value>
</value>
<value instanceof="12">
<value instanceof="11">
<![CDATA[ Ethyline]]>
</value>
</value>
<value instanceof="12">
<value instanceof="11">
<![CDATA[ EuroTrash]]>
</value>
</value>
<value instanceof="12">
<value instanceof="11">
<![CDATA[ Eurythmics]]>
</value>
</value>
<value instanceof="12">
<value instanceof="11">
<![CDATA[ Eva O]]>
</value>
</value>
<value instanceof="12">
<value instanceof="11">
<![CDATA[ Evans, Bill]]>
</value>
</value>
<value instanceof="12">
<value instanceof="11">
<![CDATA[ Eve 6]]>
</value>
</value>
<value instanceof="12">
<value instanceof="11">
<![CDATA[ Everclear]]>
</value>
</value>
<value instanceof="12">
<value instanceof="11">
<![CDATA[ Everlast]]>
</value>
</value>
<value instanceof="12">
<value instanceof="11">
<![CDATA[ Everything But The Girl]]>
</value>
</value>
<value instanceof="12">
<value instanceof="11">
<![CDATA[ Evil Mothers]]>
</value>
</value>
<value instanceof="12">
<value instanceof="11">
<![CDATA[ Evil's Toy]]>
</value>
</value>
<value instanceof="12">
<value instanceof="11">
<![CDATA[ Evils Toy]]>
</value>
</value>
<value instanceof="12">
<value instanceof="11">
<![CDATA[ Ewing, Andrew]]>
</value>
</value>
<value instanceof="12">
<value instanceof="11">
<![CDATA[ Ewing, Brendan]]>
</value>
</value>
<value instanceof="12">
<value instanceof="11">
<![CDATA[ Ex]]>
</value>
</value>
<value instanceof="12">
<value instanceof="11">
<![CDATA[ Exceptions]]>
</value>
</value>
<value instanceof="12">
<value instanceof="11">
<![CDATA[ Excessive Force]]>
</value>
</value>
<value instanceof="12">
<value instanceof="11">
<![CDATA[ Excuse 17]]>
</value>
</value>
<value instanceof="12">
<value instanceof="11">
<![CDATA[ Exit-13]]>
</value>
</value>
<value instanceof="12">
<value instanceof="11">
<![CDATA[ Exploited, The]]>
</value>
</value>
<value instanceof="12">
<value instanceof="11">
<![CDATA[ Exuviae]]>
</value>
</value>
<value instanceof="12">
<value instanceof="11">
<![CDATA[ Eye For An Eye]]>
</value>
</value>
<value instanceof="12">
<value instanceof="11">
<![CDATA[ Eyeless In Gaza]]>
</value>
</value>
<value instanceof="12">
<value instanceof="11">
<![CDATA[ Eyelid]]>
</value>
</value>
<value instanceof="12">
<value instanceof="11">
<![CDATA[ Eyes, Naked]]>
</value>
</value>
</value>
</value>

