<value instanceof="14">
<value instanceof="3">
<value instanceof="1">
</value>
</value>
<value instanceof="4">
<![CDATA[ Z]]>
</value>
<value instanceof="9">
<value instanceof="6">
</value>
</value>
<value instanceof="10">
<![CDATA[ Z]]>
</value>
<value instanceof="13">
<value instanceof="12">
<value instanceof="11">
<![CDATA[ Zabo, Gabors]]>
</value>
</value>
<value instanceof="12">
<value instanceof="11">
<![CDATA[ Zahar]]>
</value>
</value>
<value instanceof="12">
<value instanceof="11">
<![CDATA[ Zak Ensemble, The Zoe B.]]>
</value>
</value>
<value instanceof="12">
<value instanceof="11">
<![CDATA[ Zamir, Danny]]>
</value>
</value>
<value instanceof="12">
<value instanceof="11">
<![CDATA[ Zanella]]>
</value>
</value>
<value instanceof="12">
<value instanceof="11">
<![CDATA[ Zanella, Jean Pierre]]>
</value>
</value>
<value instanceof="12">
<value instanceof="11">
<![CDATA[ Zapf, Rudi]]>
</value>
</value>
<value instanceof="12">
<value instanceof="11">
<![CDATA[ Zapf, Rudi; Evelyn Huber]]>
</value>
</value>
<value instanceof="12">
<value instanceof="11">
<![CDATA[ Zappacosta]]>
</value>
</value>
<value instanceof="12">
<value instanceof="11">
<![CDATA[ Zardis, Chester]]>
</value>
</value>
<value instanceof="12">
<value instanceof="11">
<![CDATA[ Zarvos, Marcelo]]>
</value>
</value>
<value instanceof="12">
<value instanceof="11">
<![CDATA[ Zawinul Syndicate]]>
</value>
</value>
<value instanceof="12">
<value instanceof="11">
<![CDATA[ Zawinul, Joe]]>
</value>
</value>
<value instanceof="12">
<value instanceof="11">
<![CDATA[ Zazen]]>
</value>
</value>
<value instanceof="12">
<value instanceof="11">
<![CDATA[ Zazou, Hector]]>
</value>
</value>
<value instanceof="12">
<value instanceof="11">
<![CDATA[ Zazuzaz]]>
</value>
</value>
<value instanceof="12">
<value instanceof="11">
<![CDATA[ Zecco, Ida]]>
</value>
</value>
<value instanceof="12">
<value instanceof="11">
<![CDATA[ Zee & Zoe]]>
</value>
</value>
<value instanceof="12">
<value instanceof="11">
<![CDATA[ Zeitlin,Denny]]>
</value>
</value>
<value instanceof="12">
<value instanceof="11">
<![CDATA[ Zellon, Richie]]>
</value>
</value>
<value instanceof="12">
<value instanceof="11">
<![CDATA[ Zenteno, Norma]]>
</value>
</value>
<value instanceof="12">
<value instanceof="11">
<![CDATA[ Zentner,Si]]>
</value>
</value>
<value instanceof="12">
<value instanceof="11">
<![CDATA[ Zetterlund, Monica]]>
</value>
</value>
<value instanceof="12">
<value instanceof="11">
<![CDATA[ Zeuren, Chuck]]>
</value>
</value>
<value instanceof="12">
<value instanceof="11">
<![CDATA[ Ziad]]>
</value>
</value>
<value instanceof="12">
<value instanceof="11">
<![CDATA[ Zick, Damon]]>
</value>
</value>
<value instanceof="12">
<value instanceof="11">
<![CDATA[ Ziegler]]>
</value>
</value>
<value instanceof="12">
<value instanceof="11">
<![CDATA[ Ziggy Elman & His Orchestra]]>
</value>
</value>
<value instanceof="12">
<value instanceof="11">
<![CDATA[ Zim Zemarel & His Orchestra]]>
</value>
</value>
<value instanceof="12">
<value instanceof="11">
<![CDATA[ Zimbo Trio]]>
</value>
</value>
<value instanceof="12">
<value instanceof="11">
<![CDATA[ Zimmer, Hans]]>
</value>
</value>
<value instanceof="12">
<value instanceof="11">
<![CDATA[ Zimmerman, Richard]]>
</value>
</value>
<value instanceof="12">
<value instanceof="11">
<![CDATA[ Zinkl]]>
</value>
</value>
<value instanceof="12">
<value instanceof="11">
<![CDATA[ Zinn, Dann]]>
</value>
</value>
<value instanceof="12">
<value instanceof="11">
<![CDATA[ Zitro, James]]>
</value>
</value>
<value instanceof="12">
<value instanceof="11">
<![CDATA[ Zoe & Kyle Zee]]>
</value>
</value>
<value instanceof="12">
<value instanceof="11">
<![CDATA[ Zoe, Natalie]]>
</value>
</value>
<value instanceof="12">
<value instanceof="11">
<![CDATA[ Zollar,James]]>
</value>
</value>
<value instanceof="12">
<value instanceof="11">
<![CDATA[ Zone]]>
</value>
</value>
<value instanceof="12">
<value instanceof="11">
<![CDATA[ Zone, Pressure]]>
</value>
</value>
<value instanceof="12">
<value instanceof="11">
<![CDATA[ Zorn, John]]>
</value>
</value>
<value instanceof="12">
<value instanceof="11">
<![CDATA[ Zoyd, Art]]>
</value>
</value>
<value instanceof="12">
<value instanceof="11">
<![CDATA[ Zunigar, Rick]]>
</value>
</value>
<value instanceof="12">
<value instanceof="11">
<![CDATA[ Zuppa, Romana]]>
</value>
</value>
<value instanceof="12">
<value instanceof="11">
<![CDATA[ Zwingenberger, Axel]]>
</value>
</value>
<value instanceof="12">
<value instanceof="11">
<![CDATA[ Zwingenberger, Thorsten & Band]]>
</value>
</value>
<value instanceof="12">
<value instanceof="11">
<![CDATA[ Zwingenberger, Torsten]]>
</value>
</value>
<value instanceof="12">
<value instanceof="11">
<![CDATA[ Zzah]]>
</value>
</value>
</value>
</value>

