<value instanceof="14">
<value instanceof="3">
<value instanceof="2">
</value>
</value>
<value instanceof="4">
<![CDATA[ V]]>
</value>
<value instanceof="9">
<value instanceof="7">
</value>
</value>
<value instanceof="10">
<![CDATA[ V]]>
</value>
<value instanceof="13">
<value instanceof="12">
<value instanceof="11">
<![CDATA[ Van Ronk, Dave]]>
</value>
</value>
<value instanceof="12">
<value instanceof="11">
<![CDATA[ Vann]]>
</value>
</value>
<value instanceof="12">
<value instanceof="11">
<![CDATA[ Various Artists]]>
</value>
</value>
<value instanceof="12">
<value instanceof="11">
<![CDATA[ Various Artists]]>
</value>
</value>
<value instanceof="12">
<value instanceof="11">
<![CDATA[ Various Artists - Blues]]>
</value>
</value>
<value instanceof="12">
<value instanceof="11">
<![CDATA[ Various Artists - Blues - Chicago Blues]]>
</value>
</value>
<value instanceof="12">
<value instanceof="11">
<![CDATA[ Various Artists - Blues - Modern/Electric]]>
</value>
</value>
<value instanceof="12">
<value instanceof="11">
<![CDATA[ Various Artists - Blues - Texas]]>
</value>
</value>
<value instanceof="12">
<value instanceof="11">
<![CDATA[ Various Artists - Blues - Traditional]]>
</value>
</value>
<value instanceof="12">
<value instanceof="11">
<![CDATA[ Various Artists - Country]]>
</value>
</value>
<value instanceof="12">
<value instanceof="11">
<![CDATA[ Various Artists - Country - Alternative]]>
</value>
</value>
<value instanceof="12">
<value instanceof="11">
<![CDATA[ Various Artists - Country - Bluegrass]]>
</value>
</value>
<value instanceof="12">
<value instanceof="11">
<![CDATA[ Various Artists - Country - Contemporary]]>
</value>
</value>
<value instanceof="12">
<value instanceof="11">
<![CDATA[ Various Artists - Country - Traditional]]>
</value>
</value>
<value instanceof="12">
<value instanceof="11">
<![CDATA[ Various Artists - Dance & DJ - Trip-Hop/Acid Jazz]]>
</value>
</value>
<value instanceof="12">
<value instanceof="11">
<![CDATA[ Various Artists - Folk]]>
</value>
</value>
<value instanceof="12">
<value instanceof="11">
<![CDATA[ Various Artists - Gospel]]>
</value>
</value>
<value instanceof="12">
<value instanceof="11">
<![CDATA[ Various Artists - International - Caribbean & Cuba]]>
</value>
</value>
<value instanceof="12">
<value instanceof="11">
<![CDATA[ Various Artists - International - North America - Cajun/ Zydeco]]>
</value>
</value>
<value instanceof="12">
<value instanceof="11">
<![CDATA[ Various Artists - International - World/Global]]>
</value>
</value>
<value instanceof="12">
<value instanceof="11">
<![CDATA[ Various Artists - Jazz]]>
</value>
</value>
<value instanceof="12">
<value instanceof="11">
<![CDATA[ Various Artists - Jazz - Boogie Woogie]]>
</value>
</value>
<value instanceof="12">
<value instanceof="11">
<![CDATA[ Various Artists - Jazz - New Orleans/Dixieland/Ragtime]]>
</value>
</value>
<value instanceof="12">
<value instanceof="11">
<![CDATA[ Various Artists - Jazz - Swing/Big Band]]>
</value>
</value>
<value instanceof="12">
<value instanceof="11">
<![CDATA[ Various Artists - Jazz - Vocal]]>
</value>
</value>
<value instanceof="12">
<value instanceof="11">
<![CDATA[ Various Artists - Miscellaneous]]>
</value>
</value>
<value instanceof="12">
<value instanceof="11">
<![CDATA[ Various Artists - Miscellaneous - Holiday]]>
</value>
</value>
<value instanceof="12">
<value instanceof="11">
<![CDATA[ Various Artists - R&B/Soul]]>
</value>
</value>
<value instanceof="12">
<value instanceof="11">
<![CDATA[ Various Artists - Rock]]>
</value>
</value>
<value instanceof="12">
<value instanceof="11">
<![CDATA[ Various Artists - Rock - Classic]]>
</value>
</value>
<value instanceof="12">
<value instanceof="11">
<![CDATA[ Various Artists - Rock - Rockabilly]]>
</value>
</value>
<value instanceof="12">
<value instanceof="11">
<![CDATA[ Various Artists - Rock - Surf/Hot Rod]]>
</value>
</value>
<value instanceof="12">
<value instanceof="11">
<![CDATA[ Various Artists - Rock - Vintage Rock & Roll]]>
</value>
</value>
<value instanceof="12">
<value instanceof="11">
<![CDATA[ Various Artists - Soundtracks - 1984]]>
</value>
</value>
<value instanceof="12">
<value instanceof="11">
<![CDATA[ Various Artists - Soundtracks - 1998]]>
</value>
</value>
<value instanceof="12">
<value instanceof="11">
<![CDATA[ Vaughan, Sarah]]>
</value>
</value>
<value instanceof="12">
<value instanceof="11">
<![CDATA[ Vaughan, Stevie Ray]]>
</value>
</value>
<value instanceof="12">
<value instanceof="11">
<![CDATA[ Vaughn, Maurice John]]>
</value>
</value>
<value instanceof="12">
<value instanceof="11">
<![CDATA[ Verve Jazz Masters (Series)]]>
</value>
</value>
<value instanceof="12">
<value instanceof="11">
<![CDATA[ Vincson, Walter]]>
</value>
</value>
<value instanceof="12">
<value instanceof="11">
<![CDATA[ Vinson, Eddie 'Cleanhead']]>
</value>
</value>
<value instanceof="12">
<value instanceof="11">
<![CDATA[ Vintage Blues (Series)]]>
</value>
</value>
<value instanceof="12">
<value instanceof="11">
<![CDATA[ Vipers]]>
</value>
</value>
<value instanceof="12">
<value instanceof="11">
<![CDATA[ Vipers]]>
</value>
</value>
<value instanceof="12">
<value instanceof="11">
<![CDATA[ Virginia Traditions (Series)]]>
</value>
</value>
<value instanceof="12">
<value instanceof="11">
<![CDATA[ Vito, Rick]]>
</value>
</value>
<value instanceof="12">
<value instanceof="11">
<![CDATA[ Vitt, Bill]]>
</value>
</value>
<value instanceof="12">
<value instanceof="11">
<![CDATA[ Vivino Brothers]]>
</value>
</value>
<value instanceof="12">
<value instanceof="11">
<![CDATA[ Voodoo Roosters]]>
</value>
</value>
</value>
</value>

