<value instanceof="14">
<value instanceof="3">
<value instanceof="2">
</value>
</value>
<value instanceof="4">
<![CDATA[ U]]>
</value>
<value instanceof="9">
<value instanceof="7">
</value>
</value>
<value instanceof="10">
<![CDATA[ U]]>
</value>
<value instanceof="13">
<value instanceof="12">
<value instanceof="11">
<![CDATA[ Ulmer, James 'Blood']]>
</value>
</value>
<value instanceof="12">
<value instanceof="11">
<![CDATA[ Unidynes]]>
</value>
</value>
<value instanceof="12">
<value instanceof="11">
<![CDATA[ Unpaved Road]]>
</value>
</value>
<value instanceof="12">
<value instanceof="11">
<![CDATA[ Upshaw, Leroy]]>
</value>
</value>
<value instanceof="12">
<value instanceof="11">
<![CDATA[ Ussery, John]]>
</value>
</value>
</value>
</value>

