<value instanceof="14">
<value instanceof="3">
<value instanceof="0">
</value>
</value>
<value instanceof="4">
<![CDATA[ F]]>
</value>
<value instanceof="9">
<value instanceof="8">
</value>
</value>
<value instanceof="10">
<![CDATA[ F]]>
</value>
<value instanceof="13">
<value instanceof="12">
<value instanceof="11">
<![CDATA[ F-Minus]]>
</value>
</value>
<value instanceof="12">
<value instanceof="11">
<![CDATA[ F.y.p]]>
</value>
</value>
<value instanceof="12">
<value instanceof="11">
<![CDATA[ FANNYGRACE]]>
</value>
</value>
<value instanceof="12">
<value instanceof="11">
<![CDATA[ FEAR of FRED]]>
</value>
</value>
<value instanceof="12">
<value instanceof="11">
<![CDATA[ FSA]]>
</value>
</value>
<value instanceof="12">
<value instanceof="11">
<![CDATA[ Faber, Miles]]>
</value>
</value>
<value instanceof="12">
<value instanceof="11">
<![CDATA[ Face Value]]>
</value>
</value>
<value instanceof="12">
<value instanceof="11">
<![CDATA[ Face to Face]]>
</value>
</value>
<value instanceof="12">
<value instanceof="11">
<![CDATA[ Faced, Straight]]>
</value>
</value>
<value instanceof="12">
<value instanceof="11">
<![CDATA[ Facepuller]]>
</value>
</value>
<value instanceof="12">
<value instanceof="11">
<![CDATA[ Factor, Pitch]]>
</value>
</value>
<value instanceof="12">
<value instanceof="11">
<![CDATA[ Fahey, John]]>
</value>
</value>
<value instanceof="12">
<value instanceof="11">
<![CDATA[ The Faint]]>
</value>
</value>
<value instanceof="12">
<value instanceof="11">
<![CDATA[ Fair Sex]]>
</value>
</value>
<value instanceof="12">
<value instanceof="11">
<![CDATA[ Fair, Jad]]>
</value>
</value>
<value instanceof="12">
<value instanceof="11">
<![CDATA[ Fairgrove]]>
</value>
</value>
<value instanceof="12">
<value instanceof="11">
<![CDATA[ Fairlanes]]>
</value>
</value>
<value instanceof="12">
<value instanceof="11">
<![CDATA[ Faith & Disease]]>
</value>
</value>
<value instanceof="12">
<value instanceof="11">
<![CDATA[ Faith No More]]>
</value>
</value>
<value instanceof="12">
<value instanceof="11">
<![CDATA[ Faith/Void]]>
</value>
</value>
<value instanceof="12">
<value instanceof="11">
<![CDATA[ Fakes]]>
</value>
</value>
<value instanceof="12">
<value instanceof="11">
<![CDATA[ Falco]]>
</value>
</value>
<value instanceof="12">
<value instanceof="11">
<![CDATA[ Falco]]>
</value>
</value>
<value instanceof="12">
<value instanceof="11">
<![CDATA[ Falco, Tav]]>
</value>
</value>
<value instanceof="12">
<value instanceof="11">
<![CDATA[ Falcon Project]]>
</value>
</value>
<value instanceof="12">
<value instanceof="11">
<![CDATA[ Falkner, Jason]]>
</value>
</value>
<value instanceof="12">
<value instanceof="11">
<![CDATA[ Fall]]>
</value>
</value>
<value instanceof="12">
<value instanceof="11">
<![CDATA[ Fall Of Because]]>
</value>
</value>
<value instanceof="12">
<value instanceof="11">
<![CDATA[ Fall, The]]>
</value>
</value>
<value instanceof="12">
<value instanceof="11">
<![CDATA[ Fall-Outs]]>
</value>
</value>
<value instanceof="12">
<value instanceof="11">
<![CDATA[ Falling Sickness]]>
</value>
</value>
<value instanceof="12">
<value instanceof="11">
<![CDATA[ Falling You]]>
</value>
</value>
<value instanceof="12">
<value instanceof="11">
<![CDATA[ Falls, Rosewater]]>
</value>
</value>
<value instanceof="12">
<value instanceof="11">
<![CDATA[ Family, Skeletal]]>
</value>
</value>
<value instanceof="12">
<value instanceof="11">
<![CDATA[ Fang]]>
</value>
</value>
<value instanceof="12">
<value instanceof="11">
<![CDATA[ Fanmail]]>
</value>
</value>
<value instanceof="12">
<value instanceof="11">
<![CDATA[ Fantastic Plastic Machine]]>
</value>
</value>
<value instanceof="12">
<value instanceof="11">
<![CDATA[ Fantomas]]>
</value>
</value>
<value instanceof="12">
<value instanceof="11">
<![CDATA[ Farflung]]>
</value>
</value>
<value instanceof="12">
<value instanceof="11">
<![CDATA[ Farm]]>
</value>
</value>
<value instanceof="12">
<value instanceof="11">
<![CDATA[ Farmer, Michael]]>
</value>
</value>
<value instanceof="12">
<value instanceof="11">
<![CDATA[ Farre, Marc]]>
</value>
</value>
<value instanceof="12">
<value instanceof="11">
<![CDATA[ Farrell, Perry]]>
</value>
</value>
<value instanceof="12">
<value instanceof="11">
<![CDATA[ Farside]]>
</value>
</value>
<value instanceof="12">
<value instanceof="11">
<![CDATA[ Fastbacks]]>
</value>
</value>
<value instanceof="12">
<value instanceof="11">
<![CDATA[ Fastball]]>
</value>
</value>
<value instanceof="12">
<value instanceof="11">
<![CDATA[ Fastbreak]]>
</value>
</value>
<value instanceof="12">
<value instanceof="11">
<![CDATA[ Faster & Louder (Series)]]>
</value>
</value>
<value instanceof="12">
<value instanceof="11">
<![CDATA[ Fatboy Slim]]>
</value>
</value>
<value instanceof="12">
<value instanceof="11">
<![CDATA[ Fatso Jetson]]>
</value>
</value>
<value instanceof="12">
<value instanceof="11">
<![CDATA[ Faust]]>
</value>
</value>
<value instanceof="12">
<value instanceof="11">
<![CDATA[ Fear]]>
</value>
</value>
<value instanceof="12">
<value instanceof="11">
<![CDATA[ Fear Factory]]>
</value>
</value>
<value instanceof="12">
<value instanceof="11">
<![CDATA[ Fear Tomorrow]]>
</value>
</value>
<value instanceof="12">
<value instanceof="11">
<![CDATA[ Fear of little men]]>
</value>
</value>
<value instanceof="12">
<value instanceof="11">
<![CDATA[ Fear, Primal]]>
</value>
</value>
<value instanceof="12">
<value instanceof="11">
<![CDATA[ Fearless Leader]]>
</value>
</value>
<value instanceof="12">
<value instanceof="11">
<![CDATA[ Feelies]]>
</value>
</value>
<value instanceof="12">
<value instanceof="11">
<![CDATA[ Fektion Fekler]]>
</value>
</value>
<value instanceof="12">
<value instanceof="11">
<![CDATA[ Felt]]>
</value>
</value>
<value instanceof="12">
<value instanceof="11">
<![CDATA[ Fenix TX]]>
</value>
</value>
<value instanceof="12">
<value instanceof="11">
<![CDATA[ The Fenwicks: Steven Schub and Jimmie Corrieri]]>
</value>
</value>
<value instanceof="12">
<value instanceof="11">
<![CDATA[ Ferris, Save]]>
</value>
</value>
<value instanceof="12">
<value instanceof="11">
<![CDATA[ Ferry, Bryan]]>
</value>
</value>
<value instanceof="12">
<value instanceof="11">
<![CDATA[ Fi And The Roadburners, Hi]]>
</value>
</value>
<value instanceof="12">
<value instanceof="11">
<![CDATA[ Fidelity Jones]]>
</value>
</value>
<value instanceof="12">
<value instanceof="11">
<![CDATA[ Fields Of The Nephilim]]>
</value>
</value>
<value instanceof="12">
<value instanceof="11">
<![CDATA[ Fiendz]]>
</value>
</value>
<value instanceof="12">
<value instanceof="11">
<![CDATA[ Fifi]]>
</value>
</value>
<value instanceof="12">
<value instanceof="11">
<![CDATA[ Fifteen]]>
</value>
</value>
<value instanceof="12">
<value instanceof="11">
<![CDATA[ Fifth Column]]>
</value>
</value>
<value instanceof="12">
<value instanceof="11">
<![CDATA[ Fifty Golden Trumpet Favorites]]>
</value>
</value>
<value instanceof="12">
<value instanceof="11">
<![CDATA[ Fifty-Nine Times The Pain]]>
</value>
</value>
<value instanceof="12">
<value instanceof="11">
<![CDATA[ Figgs]]>
</value>
</value>
<value instanceof="12">
<value instanceof="11">
<![CDATA[ Fighting Gravity]]>
</value>
</value>
<value instanceof="12">
<value instanceof="11">
<![CDATA[ Figueras, Miguel L.]]>
</value>
</value>
<value instanceof="12">
<value instanceof="11">
<![CDATA[ Filibuster]]>
</value>
</value>
<value instanceof="12">
<value instanceof="11">
<![CDATA[ Filter]]>
</value>
</value>
<value instanceof="12">
<value instanceof="11">
<![CDATA[ Final Conflict]]>
</value>
</value>
<value instanceof="12">
<value instanceof="11">
<![CDATA[ Final Cut]]>
</value>
</value>
<value instanceof="12">
<value instanceof="11">
<![CDATA[ Final Exit]]>
</value>
</value>
<value instanceof="12">
<value instanceof="11">
<![CDATA[ Finn, Neil]]>
</value>
</value>
<value instanceof="12">
<value instanceof="11">
<![CDATA[ Fire Eater, Jonathan]]>
</value>
</value>
<value instanceof="12">
<value instanceof="11">
<![CDATA[ Fire Island]]>
</value>
</value>
<value instanceof="12">
<value instanceof="11">
<![CDATA[ the Fire, After]]>
</value>
</value>
<value instanceof="12">
<value instanceof="11">
<![CDATA[ Fireballs Of Freedom]]>
</value>
</value>
<value instanceof="12">
<value instanceof="11">
<![CDATA[ Firehose]]>
</value>
</value>
<value instanceof="12">
<value instanceof="11">
<![CDATA[ Fireworks]]>
</value>
</value>
<value instanceof="12">
<value instanceof="11">
<![CDATA[ First Grade Crush]]>
</value>
</value>
<value instanceof="12">
<value instanceof="11">
<![CDATA[ Fishbone]]>
</value>
</value>
<value instanceof="12">
<value instanceof="11">
<![CDATA[ Fisher, Climie]]>
</value>
</value>
<value instanceof="12">
<value instanceof="11">
<![CDATA[ Fitz Of Depression]]>
</value>
</value>
<value instanceof="12">
<value instanceof="11">
<![CDATA[ Fitzgerald, Patrick]]>
</value>
</value>
<value instanceof="12">
<value instanceof="11">
<![CDATA[ Five Iron Frenzy]]>
</value>
</value>
<value instanceof="12">
<value instanceof="11">
<![CDATA[ Five O'Clock Somewhere]]>
</value>
</value>
<value instanceof="12">
<value instanceof="11">
<![CDATA[ Five Seconds Expired]]>
</value>
</value>
<value instanceof="12">
<value instanceof="11">
<![CDATA[ Five-Eight]]>
</value>
</value>
<value instanceof="12">
<value instanceof="11">
<![CDATA[ Fixtures]]>
</value>
</value>
<value instanceof="12">
<value instanceof="11">
<![CDATA[ Fixx]]>
</value>
</value>
<value instanceof="12">
<value instanceof="11">
<![CDATA[ Flag Of Democracy]]>
</value>
</value>
<value instanceof="12">
<value instanceof="11">
<![CDATA[ Flaming Lips]]>
</value>
</value>
<value instanceof="12">
<value instanceof="11">
<![CDATA[ Flaming Stars]]>
</value>
</value>
<value instanceof="12">
<value instanceof="11">
<![CDATA[ Flanagan, Natalie]]>
</value>
</value>
<value instanceof="12">
<value instanceof="11">
<![CDATA[ Flapping flapping]]>
</value>
</value>
<value instanceof="12">
<value instanceof="11">
<![CDATA[ Flapping, FLAPPING flapping]]>
</value>
</value>
<value instanceof="12">
<value instanceof="11">
<![CDATA[ Flash & The Pan]]>
</value>
</value>
<value instanceof="12">
<value instanceof="11">
<![CDATA[ Flight 180]]>
</value>
</value>
<value instanceof="12">
<value instanceof="11">
<![CDATA[ Flipper]]>
</value>
</value>
<value instanceof="12">
<value instanceof="11">
<![CDATA[ Flock Of Seagulls]]>
</value>
</value>
<value instanceof="12">
<value instanceof="11">
<![CDATA[ Floorpunch]]>
</value>
</value>
<value instanceof="12">
<value instanceof="11">
<![CDATA[ Flour]]>
</value>
</value>
<value instanceof="12">
<value instanceof="11">
<![CDATA[ Flouride, Klaus]]>
</value>
</value>
<value instanceof="12">
<value instanceof="11">
<![CDATA[ Flower Kings, The]]>
</value>
</value>
<value instanceof="12">
<value instanceof="11">
<![CDATA[ Fluf]]>
</value>
</value>
<value instanceof="12">
<value instanceof="11">
<![CDATA[ Fluffy]]>
</value>
</value>
<value instanceof="12">
<value instanceof="11">
<![CDATA[ Flugschadel]]>
</value>
</value>
<value instanceof="12">
<value instanceof="11">
<![CDATA[ Flux]]>
</value>
</value>
<value instanceof="12">
<value instanceof="11">
<![CDATA[ Flux Of Pink Indians]]>
</value>
</value>
<value instanceof="12">
<value instanceof="11">
<![CDATA[ Fockewolf]]>
</value>
</value>
<value instanceof="12">
<value instanceof="11">
<![CDATA[ Foetus]]>
</value>
</value>
<value instanceof="12">
<value instanceof="11">
<![CDATA[ Foetus Eruptus]]>
</value>
</value>
<value instanceof="12">
<value instanceof="11">
<![CDATA[ Foetus Inc.]]>
</value>
</value>
<value instanceof="12">
<value instanceof="11">
<![CDATA[ The Foetus Symphony Orchestra]]>
</value>
</value>
<value instanceof="12">
<value instanceof="11">
<![CDATA[ Foggo, Mark]]>
</value>
</value>
<value instanceof="12">
<value instanceof="11">
<![CDATA[ Foggo, Mark Skasters]]>
</value>
</value>
<value instanceof="12">
<value instanceof="11">
<![CDATA[ Folk Implosion]]>
</value>
</value>
<value instanceof="12">
<value instanceof="11">
<![CDATA[ Fontain's M.U.S.E.]]>
</value>
</value>
<value instanceof="12">
<value instanceof="11">
<![CDATA[ Fontanelles]]>
</value>
</value>
<value instanceof="12">
<value instanceof="11">
<![CDATA[ Foo Fighters]]>
</value>
</value>
<value instanceof="12">
<value instanceof="11">
<![CDATA[ For Carnation]]>
</value>
</value>
<value instanceof="12">
<value instanceof="11">
<![CDATA[ For Love Not Lisa]]>
</value>
</value>
<value instanceof="12">
<value instanceof="11">
<![CDATA[ Forced Cranial Removal]]>
</value>
</value>
<value instanceof="12">
<value instanceof="11">
<![CDATA[ Forced Reality]]>
</value>
</value>
<value instanceof="12">
<value instanceof="11">
<![CDATA[ Ford, Wally]]>
</value>
</value>
<value instanceof="12">
<value instanceof="11">
<![CDATA[ Forgotten Rebels]]>
</value>
</value>
<value instanceof="12">
<value instanceof="11">
<![CDATA[ Forster, Robert]]>
</value>
</value>
<value instanceof="12">
<value instanceof="11">
<![CDATA[ Fortune, Eva Jay]]>
</value>
</value>
<value instanceof="12">
<value instanceof="11">
<![CDATA[ Forty-Five Grave]]>
</value>
</value>
<value instanceof="12">
<value instanceof="11">
<![CDATA[ Fou, Etron]]>
</value>
</value>
<value instanceof="12">
<value instanceof="11">
<![CDATA[ Foundation]]>
</value>
</value>
<value instanceof="12">
<value instanceof="11">
<![CDATA[ Fountains Of Wayne]]>
</value>
</value>
<value instanceof="12">
<value instanceof="11">
<![CDATA[ Four Letter Word]]>
</value>
</value>
<value instanceof="12">
<value instanceof="11">
<![CDATA[ Four Walls Falling]]>
</value>
</value>
<value instanceof="12">
<value instanceof="11">
<![CDATA[ Four, Collectiv]]>
</value>
</value>
<value instanceof="12">
<value instanceof="11">
<![CDATA[ Four, Dillinger]]>
</value>
</value>
<value instanceof="12">
<value instanceof="11">
<![CDATA[ Four-Skins]]>
</value>
</value>
<value instanceof="12">
<value instanceof="11">
<![CDATA[ Foxtrot Zulu]]>
</value>
</value>
<value instanceof="12">
<value instanceof="11">
<![CDATA[ Foxx, John]]>
</value>
</value>
<value instanceof="12">
<value instanceof="11">
<![CDATA[ Frame, Roddy]]>
</value>
</value>
<value instanceof="12">
<value instanceof="11">
<![CDATA[ Franceska]]>
</value>
</value>
<value instanceof="12">
<value instanceof="11">
<![CDATA[ Francis, Clete]]>
</value>
</value>
<value instanceof="12">
<value instanceof="11">
<![CDATA[ Frankenstein]]>
</value>
</value>
<value instanceof="12">
<value instanceof="11">
<![CDATA[ Frankie Goes To Hollywood]]>
</value>
</value>
<value instanceof="12">
<value instanceof="11">
<![CDATA[ Frantic Flattops]]>
</value>
</value>
<value instanceof="12">
<value instanceof="11">
<![CDATA[ Frazier, Sandy]]>
</value>
</value>
<value instanceof="12">
<value instanceof="11">
<![CDATA[ Free Kitten]]>
</value>
</value>
<value instanceof="12">
<value instanceof="11">
<![CDATA[ Freeman, Rick]]>
</value>
</value>
<value instanceof="12">
<value instanceof="11">
<![CDATA[ The Freeze]]>
</value>
</value>
<value instanceof="12">
<value instanceof="11">
<![CDATA[ Freeze]]>
</value>
</value>
<value instanceof="12">
<value instanceof="11">
<![CDATA[ Freeze/Bollweevils]]>
</value>
</value>
<value instanceof="12">
<value instanceof="11">
<![CDATA[ Freight Elevator Quartet]]>
</value>
</value>
<value instanceof="12">
<value instanceof="11">
<![CDATA[ Frenzal Rhomb]]>
</value>
</value>
<value instanceof="12">
<value instanceof="11">
<![CDATA[ Friction]]>
</value>
</value>
<value instanceof="12">
<value instanceof="11">
<![CDATA[ Friends Of Dean Martinez]]>
</value>
</value>
<value instanceof="12">
<value instanceof="11">
<![CDATA[ Frightwig]]>
</value>
</value>
<value instanceof="12">
<value instanceof="11">
<![CDATA[ Fripp, Robert]]>
</value>
</value>
<value instanceof="12">
<value instanceof="11">
<![CDATA[ Frisell, Bill]]>
</value>
</value>
<value instanceof="12">
<value instanceof="11">
<![CDATA[ Frith, Fred]]>
</value>
</value>
<value instanceof="12">
<value instanceof="11">
<![CDATA[ Frits, The]]>
</value>
</value>
<value instanceof="12">
<value instanceof="11">
<![CDATA[ Frodus]]>
</value>
</value>
<value instanceof="12">
<value instanceof="11">
<![CDATA[ Frogs]]>
</value>
</value>
<value instanceof="12">
<value instanceof="11">
<![CDATA[ From the Penalty Box, Songs]]>
</value>
</value>
<value instanceof="12">
<value instanceof="11">
<![CDATA[ Front 242]]>
</value>
</value>
<value instanceof="12">
<value instanceof="11">
<![CDATA[ Front Line Assembly]]>
</value>
</value>
<value instanceof="12">
<value instanceof="11">
<![CDATA[ Frost, Edith]]>
</value>
</value>
<value instanceof="12">
<value instanceof="11">
<![CDATA[ Frost, Eldon]]>
</value>
</value>
<value instanceof="12">
<value instanceof="11">
<![CDATA[ Frumpies]]>
</value>
</value>
<value instanceof="12">
<value instanceof="11">
<![CDATA[ Fu Manchu]]>
</value>
</value>
<value instanceof="12">
<value instanceof="11">
<![CDATA[ Fuck]]>
</value>
</value>
<value instanceof="12">
<value instanceof="11">
<![CDATA[ Fuckemos]]>
</value>
</value>
<value instanceof="12">
<value instanceof="11">
<![CDATA[ Fuel]]>
</value>
</value>
<value instanceof="12">
<value instanceof="11">
<![CDATA[ Fuel (Hardcore)]]>
</value>
</value>
<value instanceof="12">
<value instanceof="11">
<![CDATA[ Fugazi]]>
</value>
</value>
<value instanceof="12">
<value instanceof="11">
<![CDATA[ Fullblown]]>
</value>
</value>
<value instanceof="12">
<value instanceof="11">
<![CDATA[ Fumes]]>
</value>
</value>
<value instanceof="12">
<value instanceof="11">
<![CDATA[ Fun Lovin' Criminals]]>
</value>
</value>
<value instanceof="12">
<value instanceof="11">
<![CDATA[ Fun Size]]>
</value>
</value>
<value instanceof="12">
<value instanceof="11">
<![CDATA[ Fun at All, No]]>
</value>
</value>
<value instanceof="12">
<value instanceof="11">
<![CDATA[ Funeral Oration]]>
</value>
</value>
<value instanceof="12">
<value instanceof="11">
<![CDATA[ Funeral, Black]]>
</value>
</value>
<value instanceof="12">
<value instanceof="11">
<![CDATA[ Funker Vogt]]>
</value>
</value>
<value instanceof="12">
<value instanceof="11">
<![CDATA[ Funkstorung]]>
</value>
</value>
<value instanceof="12">
<value instanceof="11">
<![CDATA[ Furious George]]>
</value>
</value>
<value instanceof="12">
<value instanceof="11">
<![CDATA[ Fury Of Five]]>
</value>
</value>
<value instanceof="12">
<value instanceof="11">
<![CDATA[ Fuse]]>
</value>
</value>
<value instanceof="12">
<value instanceof="11">
<![CDATA[ Future Bible Heroes]]>
</value>
</value>
<value instanceof="12">
<value instanceof="11">
<![CDATA[ Fyp]]>
</value>
</value>
</value>
</value>

